DATE,DEXUSEU,DEXJPUS,DEXCHUS,DEXUSUK
2010-07-19,1.2963,86.7700,6.7780,1.5222
2010-07-20,1.2905,87.2200,6.7781,1.5255
2010-07-21,1.2818,87.3000,6.7769,1.5201
2010-07-22,1.2903,87.0000,6.7795,1.5283
2010-07-23,1.2874,87.3100,6.7803,1.5425
2010-07-26,1.2983,87.2000,6.7788,1.5490
2010-07-27,1.2983,87.8800,6.7781,1.5538
2010-07-28,1.2998,87.6200,6.7780,1.5611
2010-07-29,1.3064,86.8700,6.7760,1.5591
2010-07-30,1.3069,86.4300,6.7735,1.5714
2010-08-02,1.3174,86.4200,6.7740,1.5897
2010-08-03,1.3239,85.8800,6.7728,1.5941
2010-08-04,1.3158,86.2600,6.7720,1.5887
2010-08-05,1.3157,85.8300,6.7705,1.5860
2010-08-06,1.3282,85.2500,6.7680,1.5979
2010-08-09,1.3241,85.8800,6.7670,1.5945
2010-08-10,1.3095,85.8800,6.7720,1.5776
2010-08-11,1.2899,85.3600,6.7745,1.5688
2010-08-12,1.2866,85.8300,6.7843,1.5573
2010-08-13,1.2767,86.2000,6.7957,1.5580
2010-08-16,1.2838,85.3300,6.8038,1.5679
2010-08-17,1.2890,85.5100,6.7920,1.5586
2010-08-18,1.2872,85.3100,6.7911,1.5619
2010-08-19,1.2837,85.2700,6.7897,1.5612
2010-08-20,1.2687,85.6300,6.7900,1.5515
2010-08-23,1.2663,85.1600,6.7995,1.5532
2010-08-24,1.2675,84.1600,6.7966,1.5471
2010-08-25,1.2652,84.5600,6.7995,1.5460
2010-08-26,1.2717,84.6100,6.7998,1.5574
2010-08-27,1.2765,85.1000,6.7977,1.5528
2010-08-30,1.2686,84.6700,6.8029,1.5473
2010-08-31,1.2704,84.1000,6.8069,1.5358
2010-09-01,1.2813,84.4800,6.8102,1.5472
2010-09-02,1.2824,84.1500,6.8070,1.5393
2010-09-03,1.2885,84.4500,6.8014,1.5452
2010-09-06,.,.,.,.
2010-09-07,1.2723,83.7500,6.7906,1.5315
2010-09-08,1.2727,83.8500,6.7940,1.5513
2010-09-09,1.2708,83.8300,6.7820,1.5448
2010-09-10,1.2731,84.1300,6.7690,1.5387
2010-09-13,1.2890,83.5300,6.7595,1.5466
2010-09-14,1.3014,83.0500,6.7430,1.5559
2010-09-15,1.3008,85.6300,6.7380,1.5641
2010-09-16,1.3079,85.7200,6.7250,1.5612
2010-09-17,1.3046,85.7700,6.7230,1.5635
2010-09-20,1.3074,85.7400,6.7135,1.5564
2010-09-21,1.3136,85.3600,6.7059,1.5551
2010-09-22,1.3385,84.3700,6.7035,1.5649
2010-09-23,1.3344,84.3200,6.7046,1.5723
2010-09-24,1.3476,84.2400,6.7035,1.5829
2010-09-27,1.3475,84.1700,6.6911,1.5851
2010-09-28,1.3583,83.8200,6.6904,1.5808
2010-09-29,1.3638,83.6100,6.6869,1.5812
2010-09-30,1.3601,83.5300,6.6905,1.5731
2010-10-01,1.3754,83.3000,6.6895,1.5829
2010-10-04,1.3688,83.3300,6.6912,1.5849
2010-10-05,1.3834,83.1700,6.6906,1.5915
2010-10-06,1.3924,82.8000,6.6893,1.5903
2010-10-07,1.3921,82.3500,6.6903,1.5930
2010-10-08,1.3923,81.8600,6.6710,1.5951
2010-10-11,.,.,.,.
2010-10-12,1.3846,81.7400,6.6733,1.5799
2010-10-13,1.3964,81.8100,6.6634,1.5843
2010-10-14,1.4066,81.4400,6.6505,1.5992
2010-10-15,1.3998,81.3200,6.6397,1.6027
2010-10-18,1.3978,81.1600,6.6440,1.5907
2010-10-19,1.3827,81.6000,6.6444,1.5739
2010-10-20,1.3949,81.1400,6.6518,1.5857
2010-10-21,1.3973,81.1600,6.6502,1.5753
2010-10-22,1.3904,81.4800,6.6583,1.5677
2010-10-25,1.3986,80.6100,6.6579,1.5748
2010-10-26,1.3873,81.2800,6.6625,1.5871
2010-10-27,1.3788,81.5500,6.6805,1.5782
2010-10-28,1.3929,80.9900,6.6867,1.5945
2010-10-29,1.3894,80.4800,6.6707,1.6020
2010-11-01,1.3888,80.6600,6.6892,1.6050
2010-11-02,1.4026,80.8000,6.6775,1.6010
2010-11-03,1.4014,81.4100,6.6758,1.6080
2010-11-04,1.4224,80.6100,6.6609,1.6282
2010-11-05,1.4033,81.3500,6.6550,1.6211
2010-11-08,1.3927,81.1400,6.6791,1.6150
2010-11-09,1.3865,81.1500,6.6424,1.6050
2010-11-10,1.3728,82.5300,6.6335,1.6071
2010-11-11,.,.,.,.
2010-11-12,1.3700,82.4400,6.6368,1.6172
2010-11-15,1.3615,82.9000,6.6418,1.6064
2010-11-16,1.3517,83.4100,6.6378,1.5881
2010-11-17,1.3555,83.1500,6.6415,1.5941
2010-11-18,1.3618,83.6400,6.6330,1.6010
2010-11-19,1.3654,83.4900,6.6398,1.5961
2010-11-22,1.3612,83.4600,6.6414,1.5932
2010-11-23,1.3388,82.8600,6.6433,1.5824
2010-11-24,1.3350,83.3800,6.6529,1.5774
2010-11-25,.,.,.,.
2010-11-26,1.3243,84.0800,6.6675,1.5616
2010-11-29,1.3092,84.3400,6.6600,1.5557
2010-11-30,1.3036,83.5600,6.6670,1.5578
2010-12-01,1.3149,84.0000,6.6630,1.5603
2010-12-02,1.3228,83.5300,6.6609,1.5610
2010-12-03,1.3367,82.7300,6.6628,1.5723
2010-12-06,1.3275,82.7000,6.6483,1.5680
2010-12-07,1.3323,83.0400,6.6455,1.5802
2010-12-08,1.3242,84.1600,6.6616,1.5792
2010-12-09,1.3206,83.8500,6.6549,1.5733
2010-12-10,1.3242,83.8700,6.6550,1.5809
2010-12-13,1.3389,83.5700,6.6652,1.5882
2010-12-14,1.3395,83.5200,6.6563,1.5795
2010-12-15,1.3306,84.0400,6.6541,1.5613
2010-12-16,1.3206,84.2300,6.6635,1.5612
2010-12-17,1.3155,84.1500,6.6545,1.5480
2010-12-20,1.3124,83.7200,6.6745,1.5521
2010-12-21,1.3131,83.7600,6.6580,1.5462
2010-12-22,1.3089,83.5600,6.6450,1.5390
2010-12-23,1.3101,82.9700,6.6450,1.5400
2010-12-24,.,.,.,.
2010-12-27,1.3146,82.9100,6.6306,1.5382
2010-12-28,1.3122,82.2100,6.6247,1.5361
2010-12-29,1.3183,81.9000,6.6200,1.5463
2010-12-30,1.3269,81.6700,6.6000,1.5392
2010-12-31,.,.,.,.
2011-01-03,1.3371,81.5600,6.5895,1.5490
2011-01-04,1.3306,81.9600,6.6065,1.5586
2011-01-05,1.3171,83.2200,6.5850,1.5497
2011-01-06,1.3027,83.1500,6.6260,1.5490
2011-01-07,1.2944,83.0400,6.6276,1.5560
2011-01-10,1.2945,82.7800,6.6364,1.5583
2011-01-11,1.2978,83.3600,6.6185,1.5628
2011-01-12,1.3066,83.2900,6.6037,1.5716
2011-01-13,1.3364,82.7200,6.6044,1.5870
2011-01-14,1.3328,82.9900,6.5876,1.5874
2011-01-17,.,.,.,.
2011-01-18,1.3399,82.6600,6.5828,1.6000
2011-01-19,1.3495,82.0300,6.5823,1.5991
2011-01-20,1.3443,83.0200,6.5852,1.5875
2011-01-21,1.3581,82.6300,6.5831,1.5997
2011-01-24,1.3653,82.4400,6.5809,1.5995
2011-01-25,1.3644,82.3500,6.5824,1.5818
2011-01-26,1.3688,82.2700,6.5814,1.5886
2011-01-27,1.3688,83.0300,6.5814,1.5905
2011-01-28,1.3607,82.0300,6.5819,1.5838
2011-01-31,1.3715,81.9700,6.6017,1.6042
2011-02-01,1.3793,81.4800,6.5937,1.6124
2011-02-02,1.3779,81.8200,6.5560,1.6167
2011-02-03,1.3654,81.4800,6.5560,1.6159
2011-02-04,1.3584,81.9900,6.5560,1.6089
2011-02-07,1.3557,82.4000,6.5600,1.6111
2011-02-08,1.3687,81.9200,6.5520,1.6091
2011-02-09,1.3688,82.4700,6.5914,1.6089
2011-02-10,1.3637,83.1100,6.5864,1.6132
2011-02-11,1.3520,83.5200,6.5917,1.5986
2011-02-14,1.3474,83.3200,6.5965,1.6023
2011-02-15,1.3494,83.7900,6.5884,1.6128
2011-02-16,1.3547,83.7300,6.5884,1.6063
2011-02-17,1.3612,83.2500,6.5850,1.6172
2011-02-18,1.3673,83.2200,6.5731,1.6245
2011-02-21,.,.,.,.
2011-02-22,1.3661,82.9400,6.5795,1.6129
2011-02-23,1.3758,82.3900,6.5741,1.6221
2011-02-24,1.3794,81.6700,6.5720,1.6106
2011-02-25,1.3757,81.7600,6.5749,1.6078
2011-02-28,1.3793,81.9400,6.5713,1.6247
2011-03-01,1.3813,81.8600,6.5700,1.6309
2011-03-02,1.3869,81.6200,6.5723,1.6311
2011-03-03,1.3947,82.4100,6.5717,1.6266
2011-03-04,1.3983,82.3500,6.5670,1.6250
2011-03-07,1.3976,82.1200,6.5540,1.6204
2011-03-08,1.3912,82.6900,6.5684,1.6164
2011-03-09,1.3906,82.7800,6.5580,1.6202
2011-03-10,1.3823,82.9800,6.5731,1.6063
2011-03-11,1.3864,81.7700,6.5742,1.6033
2011-03-14,1.3975,81.6500,6.5696,1.6181
2011-03-15,1.3968,80.8200,6.5730,1.6064
2011-03-16,1.3922,80.1700,6.5713,1.6028
2011-03-17,1.4021,78.7400,6.5743,1.6143
2011-03-18,1.4141,81.1400,6.5689,1.6187
2011-03-21,1.4184,81.1100,6.5635,1.6276
2011-03-22,1.4212,81.0000,6.5510,1.6387
2011-03-23,1.4124,80.9400,6.5591,1.6246
2011-03-24,1.4200,80.8200,6.5580,1.6159
2011-03-25,1.4144,81.1200,6.5568,1.6086
2011-03-28,1.4104,81.6700,6.5643,1.6024
2011-03-29,1.4090,82.3800,6.5600,1.5983
2011-03-30,1.4095,82.9800,6.5558,1.6038
2011-03-31,1.4183,82.7600,6.5483,1.6048
2011-04-01,1.4215,84.0500,6.5477,1.6132
2011-04-04,1.4221,83.9800,6.5385,1.6129
2011-04-05,1.4230,84.6500,6.5390,1.6282
2011-04-06,1.4333,85.2600,6.5440,1.6314
2011-04-07,1.4287,84.9800,6.5420,1.6304
2011-04-08,1.4437,84.9900,6.5350,1.6341
2011-04-11,1.4454,84.5800,6.5381,1.6386
2011-04-12,1.4455,83.7900,6.5402,1.6263
2011-04-13,1.4477,83.5900,6.5333,1.6285
2011-04-14,1.4464,83.2300,6.5310,1.6350
2011-04-15,1.4443,83.1300,6.5317,1.6325
2011-04-18,1.4211,82.4300,6.5286,1.6229
2011-04-19,1.4319,82.4100,6.5303,1.6315
2011-04-20,1.4513,82.5800,6.5254,1.6405
2011-04-21,1.4585,81.8100,6.4920,1.6572
2011-04-22,1.4545,81.9200,6.5067,1.6517
2011-04-25,1.4576,81.9300,6.5277,1.6497
2011-04-26,1.4625,81.9300,6.5270,1.6465
2011-04-27,1.4659,82.6000,6.5112,1.6530
2011-04-28,1.4785,81.5700,6.5010,1.6636
2011-04-29,1.4821,81.3100,6.4900,1.6691
2011-05-02,1.4870,81.2300,6.4920,1.6690
2011-05-03,1.4875,81.0200,6.4955,1.6536
2011-05-04,1.4859,80.6900,6.4925,1.6524
2011-05-05,1.4583,80.1200,6.4931,1.6427
2011-05-06,1.4495,80.5100,6.4925,1.6417
2011-05-09,1.4301,80.6600,6.4937,1.6338
2011-05-10,1.4358,80.7500,6.4915,1.6331
2011-05-11,1.4269,80.7800,6.4915,1.6412
2011-05-12,1.4229,80.7500,6.4986,1.6290
2011-05-13,1.4141,80.7600,6.4977,1.6179
2011-05-16,1.4219,80.8200,6.5073,1.6240
2011-05-17,1.4155,81.3900,6.5057,1.6206
2011-05-18,1.4270,81.3700,6.5029,1.6148
2011-05-19,1.4254,81.7800,6.5042,1.6179
2011-05-20,1.4172,81.6400,6.4917,1.6222
2011-05-23,1.4015,81.8100,6.5050,1.6102
2011-05-24,1.4107,82.1200,6.4990,1.6185
2011-05-25,1.4102,81.9600,6.4930,1.6277
2011-05-26,1.4088,81.4400,6.4913,1.6346
2011-05-27,1.4287,80.7500,6.4920,1.6494
2011-05-30,.,.,.,.
2011-05-31,1.4376,81.2900,6.4786,1.6439
2011-06-01,1.4431,80.8200,6.4780,1.6391
2011-06-02,1.4426,80.9800,6.4824,1.6325
2011-06-03,1.4604,80.3800,6.4796,1.6397
2011-06-06,1.4620,80.1900,6.4796,1.6362
2011-06-07,1.4675,80.2100,6.4810,1.6444
2011-06-08,1.4587,79.8700,6.4754,1.6381
2011-06-09,1.4534,80.0700,6.4757,1.6382
2011-06-10,1.4365,80.2600,6.4801,1.6254
2011-06-13,1.4368,80.1600,6.4830,1.6308
2011-06-14,1.4473,80.5000,6.4794,1.6388
2011-06-15,1.4221,80.7100,6.4820,1.6218
2011-06-16,1.4155,80.7000,6.4746,1.6130
2011-06-17,1.4326,80.1000,6.4700,1.6186
2011-06-20,1.4320,80.2600,6.4720,1.6206
2011-06-21,1.4399,80.1500,6.4650,1.6232
2011-06-22,1.4403,80.0600,6.4628,1.6131
2011-06-23,1.4166,80.4500,6.4676,1.5977
2011-06-24,1.4189,80.3200,6.4737,1.5985
2011-06-27,1.4282,80.8900,6.4815,1.5972
2011-06-28,1.4368,80.8500,6.4699,1.6016
2011-06-29,1.4428,80.8000,6.4633,1.6070
2011-06-30,1.4523,80.6400,6.4635,1.6067
2011-07-01,1.4508,80.8100,6.4645,1.6070
2011-07-04,.,.,.,.
2011-07-05,1.4470,81.1400,6.4660,1.6085
2011-07-06,1.4329,80.9000,6.4670,1.5998
2011-07-07,1.4349,81.2600,6.4655,1.5967
2011-07-08,1.4251,80.6400,6.4645,1.6030
2011-07-11,1.4034,80.3700,6.4671,1.5932
2011-07-12,1.4014,79.5300,6.4720,1.5940
2011-07-13,1.4167,78.9900,6.4675,1.6111
2011-07-14,1.4182,79.1100,6.4590,1.6125
2011-07-15,1.4156,79.0300,6.4610,1.6149
2011-07-18,1.4042,79.1000,6.4688,1.6024
2011-07-19,1.4156,78.9100,6.4631,1.6135
2011-07-20,1.4188,78.7600,6.4581,1.6139
2011-07-21,1.4372,78.4700,6.4535,1.6301
2011-07-22,1.4366,78.4400,6.4464,1.6319
2011-07-25,1.4357,78.3100,6.4450,1.6285
2011-07-26,1.4495,78.0400,6.4411,1.6392
2011-07-27,1.4373,77.9900,6.4428,1.6357
2011-07-28,1.4303,77.8700,6.4418,1.6338
2011-07-29,1.4388,77.1800,6.4360,1.6455
2011-08-01,1.4202,76.8700,6.4337,1.6278
2011-08-02,1.4232,77.1300,6.4379,1.6287
2011-08-03,1.4320,76.8700,6.4340,1.6406
2011-08-04,1.4158,79.0100,6.4377,1.6308
2011-08-05,1.4158,78.4800,6.4401,1.6362
2011-08-08,1.4241,77.5300,6.4342,1.6354
2011-08-09,1.4242,77.1600,6.4304,1.6194
2011-08-10,1.4193,76.4100,6.4172,1.6169
2011-08-11,1.4230,76.6800,6.3935,1.6228
2011-08-12,1.4239,76.7900,6.3892,1.6284
2011-08-15,1.4452,76.7300,6.3902,1.6387
2011-08-16,1.4421,76.7600,6.3818,1.6424
2011-08-17,1.4436,76.4600,6.3839,1.6591
2011-08-18,1.4320,76.5200,6.3873,1.6489
2011-08-19,1.4408,76.4600,6.3910,1.6544
2011-08-22,1.4384,76.7700,6.4004,1.6452
2011-08-23,1.4431,76.5900,6.3975,1.6509
2011-08-24,1.4402,76.7800,6.3880,1.6375
2011-08-25,1.4380,77.3800,6.3900,1.6289
2011-08-26,1.4463,76.6200,6.3860,1.6321
2011-08-29,1.4510,76.9600,6.3809,1.6398
2011-08-30,1.4435,76.7500,6.3802,1.6279
2011-08-31,1.4406,76.5000,6.3778,1.6269
2011-09-01,1.4283,76.8100,6.3812,1.6179
2011-09-02,1.4203,76.7900,6.3821,1.6190
2011-09-05,.,.,.,.
2011-09-06,1.3999,77.4800,6.3901,1.5954
2011-09-07,1.4058,77.3900,6.3940,1.5948
2011-09-08,1.3947,77.4300,6.3833,1.6021
2011-09-09,1.3666,77.3100,6.3880,1.5870
2011-09-12,1.3635,77.1500,6.3877,1.5814
2011-09-13,1.3680,76.8800,6.3970,1.5805
2011-09-14,1.3710,76.7100,6.3910,1.5773
2011-09-15,1.3858,76.7000,6.3904,1.5808
2011-09-16,1.3783,76.8900,6.3833,1.5802
2011-09-19,1.3636,76.4800,6.3864,1.5674
2011-09-20,1.3697,76.5200,6.3837,1.5718
2011-09-21,1.3724,76.3800,6.3811,1.5619
2011-09-22,1.3446,76.3100,6.3879,1.5358
2011-09-23,1.3518,76.3000,6.3877,1.5475
2011-09-26,1.3516,76.3500,6.3975,1.5553
2011-09-27,1.3606,76.6000,6.3975,1.5681
2011-09-28,1.3628,76.51,6.3933,1.5648
2011-09-29,1.3639,76.6800,6.3964,1.5685
2011-09-30,1.3449,77.0400,6.3780,1.5624
2011-10-03,1.3281,76.6600,6.3745,1.5474
2011-10-04,1.3294,76.8600,6.3745,1.5403
2011-10-05,1.3328,76.8600,6.3745,1.5436
2011-10-06,1.3408,76.6400,6.3780,1.5398
2011-10-07,1.3512,76.7700,6.3745,1.5628
2011-10-10,.,.,.,.
2011-10-11,1.3657,76.6600,6.3745,1.5594
2011-10-12,1.3805,77.3000,6.3580,1.5757
2011-10-13,1.3730,76.8800,6.3820,1.5729
2011-10-14,1.3861,77.3600,6.3780,1.5808
2011-10-17,1.3770,76.8000,6.3695,1.5778
2011-10-18,1.3719,76.7500,6.3804,1.5654
2011-10-19,1.3775,76.7900,6.3769,1.5799
2011-10-20,1.3672,76.9100,6.3825,1.5726
2011-10-21,1.3873,76.1000,6.3823,1.5945
2011-10-24,1.3932,76.1000,6.3744,1.5986
2011-10-25,1.3911,75.8800,6.3605,1.5994
2011-10-26,1.3838,76.0500,6.3534,1.5905
2011-10-27,1.4172,75.8000,6.3590,1.6081
2011-10-28,1.4164,75.7200,6.3570,1.6130
2011-10-31,1.3947,77.9700,6.3547,1.6141
2011-11-01,1.3676,78.2800,6.3547,1.5946
2011-11-02,1.3803,78.0400,6.3550,1.5974
2011-11-03,1.3744,77.9600,6.3513,1.5959
2011-11-04,1.3761,78.1700,6.3400,1.6026
2011-11-07,1.3744,78.0600,6.3481,1.6024
2011-11-08,1.3785,77.7900,6.3462,1.6076
2011-11-09,1.3596,77.7700,6.3401,1.5958
2011-11-10,1.3600,77.5800,6.3454,1.5935
2011-11-11,.,.,.,.
2011-11-14,1.3625,77.0200,6.3536,1.5899
2011-11-15,1.3524,76.9900,6.3464,1.5818
2011-11-16,1.3505,77.0200,6.3445,1.5770
2011-11-17,1.3522,76.9800,6.3505,1.5801
2011-11-18,1.3521,76.9300,6.3565,1.5783
2011-11-21,1.3525,76.9700,6.3603,1.5662
2011-11-22,1.3500,77.0700,6.3605,1.5646
2011-11-23,1.3347,77.4100,6.3576,1.5511
2011-11-24,.,.,.,.
2011-11-25,1.3244,77.6600,6.3802,1.5467
2011-11-28,1.3334,78.0500,6.3839,1.5538
2011-11-29,1.3343,77.8600,6.3769,1.5625
2011-11-30,1.3453,77.5800,6.3765,1.5705
2011-12-01,1.3487,77.6000,6.3655,1.5698
2011-12-02,1.3386,77.8800,6.3596,1.5592
2011-12-05,1.3463,77.7700,6.3629,1.5689
2011-12-06,1.3397,77.7300,6.3645,1.5580
2011-12-07,1.3386,77.6900,6.3642,1.5691
2011-12-08,1.3324,77.6700,6.3618,1.5635
2011-12-09,1.3368,77.5800,6.3641,1.5642
2011-12-12,1.3188,77.8700,6.3604,1.5597
2011-12-13,1.3094,77.8600,6.3648,1.5528
2011-12-14,1.2972,78.0800,6.3710,1.5445
2011-12-15,1.3013,77.8700,6.3733,1.5486
2011-12-16,1.3025,77.6500,6.3479,1.5514
2011-12-19,1.3017,77.9600,6.3376,1.5531
2011-12-20,1.3076,77.7600,6.3459,1.5674
2011-12-21,1.3040,78.0000,6.3386,1.5680
2011-12-22,1.3045,78.1300,6.3392,1.5667
2011-12-23,1.3040,78.1300,6.3364,1.5615
2011-12-26,.,.,.,.
2011-12-27,1.3074,77.8300,6.3210,1.5671
2011-12-28,1.2926,77.9800,6.3211,1.5478
2011-12-29,1.2952,77.7100,6.3187,1.5386
2011-12-30,1.2973,76.9800,6.2939,1.5537
2012-01-02,.,.,.,.
2012-01-03,1.3061,76.6700,6.2940,1.5655
2012-01-04,1.2930,76.6800,6.2941,1.5638
2012-01-05,1.2783,77.1800,6.3013,1.5480
2012-01-06,1.2723,77.0600,6.3088,1.5431
2012-01-09,1.2745,76.8800,6.3143,1.5436
2012-01-10,1.2782,76.8400,6.3141,1.5489
2012-01-11,1.2686,76.9000,6.3149,1.5325
2012-01-12,1.2818,76.7600,6.3177,1.5325
2012-01-13,1.2682,76.9000,6.3065,1.5301
2012-01-16,.,.,.,.
2012-01-17,1.2740,76.8000,6.3136,1.5356
2012-01-18,1.2825,76.8100,6.3109,1.5410
2012-01-19,1.2937,77.2300,6.3162,1.5484
2012-01-20,1.2948,76.9700,6.3330,1.5540
2012-01-23,1.3035,76.9200,6.3330,1.5582
2012-01-24,1.3004,77.7800,6.3330,1.5595
2012-01-25,1.2978,78.1300,6.3330,1.5570
2012-01-26,1.3152,77.4700,6.3330,1.5706
2012-01-27,1.3192,76.6800,6.3330,1.5716
2012-01-30,1.3123,76.2800,6.3310,1.5690
2012-01-31,1.3053,76.3400,6.3080,1.5754
2012-02-01,1.3179,76.1100,6.3076,1.5849
2012-02-02,1.3167,76.1300,6.3017,1.5813
2012-02-03,1.3106,76.5400,6.3027,1.5779
2012-02-06,1.3130,76.5400,6.3120,1.5832
2012-02-07,1.3244,76.8800,6.3046,1.5891
2012-02-08,1.3253,76.9000,6.2938,1.5820
2012-02-09,1.3297,77.4200,6.2947,1.5838
2012-02-10,1.3187,77.5700,6.2991,1.5748
2012-02-13,1.3211,77.5200,6.2972,1.5780
2012-02-14,1.3149,78.3900,6.2995,1.5691
2012-02-15,1.3087,78.2200,6.2998,1.5710
2012-02-16,1.3110,78.7700,6.3014,1.5795
2012-02-17,1.3149,79.3300,6.2985,1.5813
2012-02-20,.,.,.,.
2012-02-21,1.3255,79.7300,6.2960,1.5796
2012-02-22,1.3251,80.3000,6.2960,1.5677
2012-02-23,1.3308,80.2100,6.2980,1.5700
2012-02-24,1.3463,80.8800,6.2976,1.5869
2012-02-27,1.3410,80.4200,6.3012,1.5845
2012-02-28,1.3452,80.4400,6.2989,1.5887
2012-02-29,1.3359,81.1000,6.2935,1.5951
2012-03-01,1.3320,81.1600,6.3001,1.5953
2012-03-02,1.3202,81.5600,6.2982,1.5852
2012-03-05,1.3226,81.4300,6.3066,1.5870
2012-03-06,1.3114,80.8600,6.3082,1.5720
2012-03-07,1.3149,81.0600,6.3097,1.5746
2012-03-08,1.3256,81.5000,6.3159,1.5822
2012-03-09,1.3108,82.5900,6.3109,1.5677
2012-03-12,1.3141,82.2100,6.3258,1.5615
2012-03-13,1.3109,82.6600,6.3266,1.5736
2012-03-14,1.3025,83.7800,6.3315,1.5686
2012-03-15,1.3070,83.2800,6.3282,1.5669
2012-03-16,1.3171,83.3400,6.3222,1.5845
2012-03-19,1.3242,83.3100,6.3191,1.5894
2012-03-20,1.3222,83.6200,6.3203,1.5857
2012-03-21,1.3190,83.6200,6.3226,1.5848
2012-03-22,1.3194,82.5000,6.2990,1.5807
2012-03-23,1.3263,82.3500,6.3021,1.5864
2012-03-26,1.3328,82.8400,6.3139,1.5939
2012-03-27,1.3336,83.1500,6.3061,1.5972
2012-03-28,1.3300,82.7400,6.3044,1.5855
2012-03-29,1.3265,82.2800,6.3057,1.5911
2012-03-30,1.3334,82.4100,6.2975,1.5985
2012-04-02,1.3325,82.1600,6.2979,1.6022
2012-04-03,1.3337,82.1800,6.2975,1.5966
2012-04-04,1.3126,82.6200,6.2975,1.5879
2012-04-05,1.3064,82.3300,6.3123,1.5822
2012-04-06,1.3089,81.5600,6.3052,1.5877
2012-04-09,1.3087,81.3600,6.3100,1.5879
2012-04-10,1.3068,80.9400,6.3105,1.5836
2012-04-11,1.3104,80.8800,6.3076,1.5892
2012-04-12,1.3171,80.8700,6.3069,1.5939
2012-04-13,1.3082,80.9900,6.3022,1.5851
2012-04-16,1.3067,80.4600,6.3150,1.5865
2012-04-17,1.3123,80.7200,6.3015,1.5931
2012-04-18,1.3122,81.2900,6.3026,1.6020
2012-04-19,1.3132,81.5700,6.3029,1.6058
2012-04-20,1.3212,81.6000,6.3080,1.6123
2012-04-23,1.3129,81.1600,6.3084,1.6102
2012-04-24,1.3207,81.2100,6.3073,1.6135
2012-04-25,1.3210,81.3300,6.3039,1.6146
2012-04-26,1.3232,80.7800,6.3054,1.6188
2012-04-27,1.3248,80.4800,6.3093,1.6239
2012-04-30,1.3229,79.8100,6.2790,1.6225
2012-05-01,1.3226,80.1700,6.3089,1.6221
2012-05-02,1.3154,80.1900,6.3070,1.6193
2012-05-03,1.3147,80.3600,6.3052,1.6185
2012-05-04,1.3091,79.8400,6.3059,1.6148
2012-05-07,1.3052,79.8800,6.3074,1.6192
2012-05-08,1.3015,79.7900,6.3076,1.6159
2012-05-09,1.2954,79.6400,6.3096,1.6130
2012-05-10,1.2959,79.9100,6.3140,1.6161
2012-05-11,1.2937,79.8600,6.3097,1.6080
2012-05-14,1.2847,79.8300,6.3210,1.6116
2012-05-15,1.2769,80.0900,6.3176,1.6025
2012-05-16,1.2730,80.3200,6.3227,1.5933
2012-05-17,1.2709,79.2600,6.3247,1.5823
2012-05-18,1.2721,79.1400,6.3245,1.5788
2012-05-21,1.2769,79.3100,6.3277,1.5790
2012-05-22,1.2735,79.9800,6.3223,1.5775
2012-05-23,1.2569,79.3300,6.3343,1.5691
2012-05-24,1.2583,79.4700,6.3449,1.5698
2012-05-25,1.2518,79.6400,6.3439,1.5648
2012-05-28,.,.,.,.
2012-05-29,1.2488,79.4400,6.3478,1.5630
2012-05-30,1.2405,78.9300,6.3574,1.5532
2012-05-31,1.2364,78.2900,6.3684,1.5405
2012-06-01,1.2420,78.2100,6.3692,1.5383
2012-06-04,1.2495,78.3000,6.3641,1.5382
2012-06-05,1.2437,78.5700,6.3670,1.5355
2012-06-06,1.2535,79.1100,6.3634,1.5475
2012-06-07,1.2568,79.6700,6.3634,1.5557
2012-06-08,1.2482,79.4700,6.3700,1.5433
2012-06-11,1.2504,79.5000,6.3690,1.5515
2012-06-12,1.2477,79.4400,6.3703,1.5562
2012-06-13,1.2596,79.3500,6.3685,1.5557
2012-06-14,1.2608,79.2900,6.3702,1.5533
2012-06-15,1.2633,78.6500,6.3649,1.5654
2012-06-18,1.2578,78.9500,6.3539,1.5665
2012-06-19,1.2692,78.9200,6.3542,1.5732
2012-06-20,1.2703,79.5400,6.3597,1.5750
2012-06-21,1.2586,80.1800,6.3644,1.5633
2012-06-22,1.2545,80.5200,6.3644,1.5582
2012-06-25,1.2480,79.5000,6.3631,1.5555
2012-06-26,1.2471,79.4600,6.3626,1.5620
2012-06-27,1.2457,79.8300,6.3561,1.5549
2012-06-28,1.2433,79.3500,6.3570,1.5503
2012-06-29,1.2668,79.8100,6.3530,1.5686
2012-07-02,1.2584,79.4200,6.3487,1.5679
2012-07-03,1.2620,79.7700,6.3519,1.5702
2012-07-04,.,.,.,.
2012-07-05,1.2384,79.9500,6.3557,1.5531
2012-07-06,1.2283,79.6100,6.3640,1.5480
2012-07-09,1.2299,79.6600,6.3709,1.5507
2012-07-10,1.2255,79.4400,6.3654,1.5506
2012-07-11,1.2244,79.7000,6.3682,1.5532
2012-07-12,1.2199,79.2900,6.3732,1.5425
2012-07-13,1.2232,79.2000,6.3789,1.5550
2012-07-16,1.2267,78.8000,6.3784,1.5635
2012-07-17,1.2234,79.0400,6.3725,1.5613
2012-07-18,1.2261,78.7900,6.3690,1.5636
2012-07-19,1.2257,78.6000,6.3724,1.5719
2012-07-20,1.2176,78.4900,6.3734,1.5630
2012-07-23,1.2126,78.3800,6.3856,1.5512
2012-07-24,1.2062,78.1900,6.3857,1.5521
2012-07-25,1.2132,78.2100,6.3879,1.5479
2012-07-26,1.2280,78.2400,6.3839,1.5683
2012-07-27,1.2370,78.5500,6.3807,1.5728
2012-07-30,1.2250,78.2000,6.3792,1.5694
2012-07-31,1.2315,78.1000,6.3610,1.5686
2012-08-01,1.2299,78.1900,6.3680,1.5596
2012-08-02,1.2149,78.2200,6.3671,1.5500
2012-08-03,1.2390,78.6000,6.3721,1.5650
2012-08-06,1.2422,78.1700,6.3738,1.5625
2012-08-07,1.2422,78.7100,6.3664,1.5658
2012-08-08,1.2364,78.4400,6.3610,1.5659
2012-08-09,1.2278,78.6400,6.3579,1.5623
2012-08-10,1.2298,78.2400,6.3599,1.5679
2012-08-13,1.2339,78.3400,6.3611,1.5690
2012-08-14,1.2329,78.8200,6.3586,1.5692
2012-08-15,1.2288,78.8900,6.3619,1.5686
2012-08-16,1.2356,79.2500,6.3659,1.5738
2012-08-17,1.2315,79.5000,6.3580,1.5697
2012-08-20,1.2343,79.4100,6.3592,1.5707
2012-08-21,1.2472,79.4300,6.3559,1.5788
2012-08-22,1.2472,79.1900,6.3515,1.5800
2012-08-23,1.2583,78.4600,6.3535,1.5882
2012-08-24,1.2533,78.6500,6.3542,1.5815
2012-08-27,1.2514,78.6700,6.3558,1.5800
2012-08-28,1.2564,78.5000,6.3525,1.5828
2012-08-29,1.2538,78.7200,6.3513,1.5839
2012-08-30,1.2497,78.5500,6.3494,1.5794
2012-08-31,1.2578,78.3000,6.3484,1.5864
2012-09-03,.,.,.,.
2012-09-04,1.2566,78.3500,6.3465,1.5889
2012-09-05,1.2603,78.3400,6.3489,1.5907
2012-09-06,1.2626,78.9600,6.3428,1.5922
2012-09-07,1.2796,78.1400,6.3428,1.6016
2012-09-10,1.2795,78.2400,6.3375,1.6009
2012-09-11,1.2858,77.7800,6.3349,1.6071
2012-09-12,1.2894,77.8600,6.3261,1.6111
2012-09-13,1.2912,77.4100,6.3294,1.6125
2012-09-14,1.3142,78.2200,6.3145,1.6244
2012-09-17,1.3125,78.6800,6.3170,1.6263
2012-09-18,1.3051,78.5900,6.3187,1.6251
2012-09-19,1.3065,78.4000,6.3091,1.6219
2012-09-20,1.2948,78.3000,6.3036,1.6198
2012-09-21,1.2990,78.1700,6.3051,1.6251
2012-09-24,1.2909,77.9000,6.3090,1.6199
2012-09-25,1.2945,77.9100,6.3057,1.6232
2012-09-26,1.2852,77.7800,6.3015,1.6145
2012-09-27,1.2874,77.6200,6.3021,1.6217
2012-09-28,1.2856,77.9200,6.2848,1.6132
2012-10-01,1.2900,78.0000,6.2840,1.6142
2012-10-02,1.2951,78.0100,6.2840,1.6186
2012-10-03,1.2909,78.5700,6.2840,1.6077
2012-10-04,1.3001,78.4400,6.2840,1.6165
2012-10-05,1.3059,78.6600,6.2840,1.6196
2012-10-08,.,.,.,.
2012-10-09,1.2876,78.2300,6.2877,1.5987
2012-10-10,1.2888,78.2600,6.2831,1.6007
2012-10-11,1.2928,78.4400,6.2765,1.6028
2012-10-12,1.2946,78.3100,6.2670,1.6075
2012-10-15,1.2950,78.7600,6.2700,1.6069
2012-10-16,1.3036,78.9200,6.2637,1.6101
2012-10-17,1.3133,78.7400,6.2540,1.6165
2012-10-18,1.3106,79.2400,6.2501,1.6141
2012-10-19,1.3022,79.2600,6.2533,1.6003
2012-10-22,1.3063,79.8400,6.2543,1.6028
2012-10-23,1.2971,79.7900,6.2478,1.5932
2012-10-24,1.2946,79.8200,6.2478,1.6015
2012-10-25,1.2958,80.0400,6.2416,1.6119
2012-10-26,1.2938,79.6300,6.2480,1.6098
2012-10-29,1.2906,79.8100,6.2384,1.6025
2012-10-30,1.2979,79.5800,6.2396,1.6083
2012-10-31,1.2958,79.9400,6.2372,1.6111
2012-11-01,1.2937,80.1400,6.2393,1.6142
2012-11-02,1.2848,80.5300,6.2411,1.6036
2012-11-05,1.2790,80.1700,6.2452,1.5977
2012-11-06,1.2818,80.2800,6.2454,1.5985
2012-11-07,1.2759,79.8500,6.2435,1.5975
2012-11-08,1.2740,79.7400,6.2427,1.5979
2012-11-09,1.2715,79.4600,6.2450,1.5912
2012-11-12,.,.,.,.
2012-11-13,1.2716,79.4200,6.2260,1.5885
2012-11-14,1.2740,80.2000,6.2250,1.5849
2012-11-15,1.2783,81.1600,6.2329,1.5865
2012-11-16,1.2715,81.2800,6.2354,1.5866
2012-11-19,1.2806,81.1800,6.2343,1.5908
2012-11-20,1.2814,81.7200,6.2324,1.5927
2012-11-21,1.2816,82.3600,6.2300,1.5936
2012-11-22,.,.,.,.
2012-11-23,1.2959,82.3400,6.2275,1.6032
2012-11-26,1.2966,82.1100,6.2253,1.6014
2012-11-27,1.2940,82.2300,6.2221,1.6028
2012-11-28,1.2923,81.8400,6.2273,1.5997
2012-11-29,1.2953,82.0600,6.2281,1.6026
2012-11-30,1.3010,82.5400,6.2265,1.6027
2012-12-03,1.3066,82.2400,6.2277,1.6104
2012-12-04,1.3081,81.8600,6.2254,1.6097
2012-12-05,1.3077,82.4000,6.2251,1.6102
2012-12-06,1.2968,82.2900,6.2282,1.6066
2012-12-07,1.2942,82.3700,6.2299,1.6031
2012-12-10,1.2930,82.3700,6.2296,1.6068
2012-12-11,1.2992,82.4200,6.2460,1.6103
2012-12-12,1.3038,83.1000,6.2502,1.6132
2012-12-13,1.3077,83.5400,6.2316,1.6130
2012-12-14,1.3134,83.5200,6.2410,1.6139
2012-12-17,1.3169,83.7000,6.2360,1.6203
2012-12-18,1.3224,84.0000,6.2322,1.6256
2012-12-19,1.3260,84.3200,6.2293,1.6275
2012-12-20,1.3224,84.3300,6.2297,1.6268
2012-12-21,1.3166,84.1000,6.2284,1.6167
2012-12-24,1.3179,84.8100,6.2335,1.6113
2012-12-25,.,.,.,.
2012-12-26,1.3228,85.6200,6.2351,1.6118
2012-12-27,1.3228,86.0600,6.2358,1.6106
2012-12-28,1.3220,86.1200,6.2315,1.6157
2012-12-31,1.3186,86.6400,6.2301,1.6262
2013-01-01,.,.,.,.
2013-01-02,1.3195,87.1000,6.2301,1.6255
2013-01-03,1.3110,86.9200,6.2301,1.6151
2013-01-04,1.3047,88.1400,6.2303,1.6036
2013-01-07,1.3099,87.6800,6.2294,1.6080
2013-01-08,1.3068,87.3100,6.2235,1.6040
2013-01-09,1.3078,87.9000,6.2260,1.6024
2013-01-10,1.3220,88.1600,6.2230,1.6125
2013-01-11,1.3353,89.2200,6.2156,1.6128
2013-01-14,1.3369,89.3400,6.2190,1.6077
2013-01-15,1.3342,88.6500,6.2134,1.6089
2013-01-16,1.3305,88.6400,6.2160,1.6009
2013-01-17,1.3356,89.4100,6.2158,1.5991
2013-01-18,1.3303,89.9000,6.2152,1.5876
2013-01-21,.,.,.,.
2013-01-22,1.3304,88.6200,6.2196,1.5862
2013-01-23,1.3308,88.4400,6.2178,1.5848
2013-01-24,1.3378,90.0400,6.2179,1.5789
2013-01-25,1.3456,91.0400,6.2203,1.5799
2013-01-28,1.3459,90.7300,6.2240,1.5686
2013-01-29,1.3484,90.6500,6.2259,1.5751
2013-01-30,1.3564,91.0500,6.2204,1.5793
2013-01-31,1.3584,91.2800,6.2186,1.5856
2013-02-01,1.3692,92.5400,6.2265,1.5744
2013-02-04,1.3527,92.5700,6.2326,1.5737
2013-02-05,1.3569,93.3400,6.2292,1.5652
2013-02-06,1.3528,93.5600,6.2315,1.5655
2013-02-07,1.3382,93.2400,6.2323,1.5712
2013-02-08,1.3366,92.7200,6.2323,1.5814
2013-02-11,1.3414,93.4400,6.2323,1.5668
2013-02-12,1.3450,93.1400,6.2323,1.5654
2013-02-13,1.3448,93.3900,6.2323,1.5544
2013-02-14,1.3334,93.1000,6.2323,1.5502
2013-02-15,1.3362,93.6400,6.2323,1.5518
2013-02-18,.,.,.,.
2013-02-19,1.3387,93.5400,6.2438,1.5432
2013-02-20,1.3350,93.5300,6.2371,1.5301
2013-02-21,1.3204,92.9600,6.2403,1.5263
2013-02-22,1.3166,93.3500,6.2346,1.5256
2013-02-25,1.3172,93.3500,6.2337,1.5112
2013-02-26,1.3054,91.3800,6.2293,1.5125
2013-02-27,1.3104,91.8800,6.2271,1.5134
2013-02-28,1.3079,92.3600,6.2213,1.5192
2013-03-01,1.2988,93.3800,6.2226,1.5033
2013-03-04,1.2996,93.3200,6.2246,1.5084
2013-03-05,1.3019,93.3900,6.2208,1.5098
2013-03-06,1.2990,93.6400,6.2173,1.5036
2013-03-07,1.3098,95.0000,6.2200,1.5032
2013-03-08,1.2992,96.0000,6.2145,1.4926
2013-03-11,1.3014,96.1200,6.2179,1.4898
2013-03-12,1.3023,95.9600,6.2160,1.4877
2013-03-13,1.2949,96.0000,6.2137,1.4925
2013-03-14,1.2974,96.1600,6.2145,1.5039
2013-03-15,1.3076,95.2600,6.2133,1.5124
2013-03-18,1.2956,94.9200,6.2156,1.5113
2013-03-19,1.2888,94.8500,6.2154,1.5118
2013-03-20,1.2950,95.5100,6.2117,1.5133
2013-03-21,1.2928,95.0600,6.2141,1.5180
2013-03-22,1.2996,94.4800,6.2120,1.5239
2013-03-25,1.2881,94.3400,6.2105,1.5184
2013-03-26,1.2858,94.2200,6.2108,1.5156
2013-03-27,1.2782,94.3800,6.2138,1.5112
2013-03-28,1.2842,94.0200,6.2143,1.5184
2013-03-29,1.2816,94.1600,6.2108,1.5193
2013-04-01,1.2857,93.3000,6.2078,1.5232
2013-04-02,1.2836,93.4300,6.1992,1.5113
2013-04-03,1.2847,92.9600,6.1962,1.5140
2013-04-04,1.2854,96.1200,6.2005,1.5198
2013-04-05,1.3027,96.8600,6.2005,1.5336
2013-04-08,1.3008,98.9000,6.2031,1.5257
2013-04-09,1.3092,99.0200,6.2022,1.5317
2013-04-10,1.3060,99.6100,6.1938,1.5315
2013-04-11,1.3124,99.4200,6.1961,1.5403
2013-04-12,1.3094,98.9800,6.1914,1.5373
2013-04-15,1.3082,98.0000,6.1866,1.5320
2013-04-16,1.3141,97.8600,6.1824,1.5316
2013-04-17,1.3049,97.7400,6.1720,1.5255
2013-04-18,1.3072,98.2200,6.1811,1.5282
2013-04-19,1.3066,99.2800,6.1772,1.5254
2013-04-22,1.3050,99.2900,6.1823,1.5262
2013-04-23,1.3012,99.4300,6.1790,1.5267
2013-04-24,1.2997,99.3900,6.1782,1.5258
2013-04-25,1.3004,99.4200,6.1707,1.5434
2013-04-26,1.3024,97.8400,6.1647,1.5479
2013-04-29,1.3090,98.0900,6.1647,1.5497
2013-04-30,1.3168,97.5200,6.1647,1.5539
2013-05-01,1.3192,97.2800,6.1647,1.5578
2013-05-02,1.3066,97.9600,6.1560,1.5519
2013-05-03,1.3112,99.1000,6.1555,1.5563
2013-05-06,1.3067,99.3500,6.1665,1.5538
2013-05-07,1.3085,99.0000,6.1539,1.5468
2013-05-08,1.3177,98.9000,6.1410,1.5563
2013-05-09,1.3105,99.2900,6.1306,1.5502
2013-05-10,1.2955,101.7400,6.1415,1.5334
2013-05-13,1.2981,101.8400,6.1465,1.5291
2013-05-14,1.2969,102.1800,6.1426,1.5258
2013-05-15,1.2857,102.4400,6.1454,1.5198
2013-05-16,1.2898,102.2200,6.1487,1.5302
2013-05-17,1.2818,102.9800,6.1410,1.5173
2013-05-20,1.2865,102.5400,6.1386,1.5223
2013-05-21,1.2910,102.3600,6.1353,1.5170
2013-05-22,1.2864,103.5200,6.1309,1.5038
2013-05-23,1.2944,101.6600,6.1337,1.5120
2013-05-24,1.2920,100.9800,6.1311,1.5126
2013-05-27,.,.,.,.
2013-05-28,1.2870,102.0700,6.1213,1.5061
2013-05-29,1.2944,100.9100,6.1264,1.5121
2013-05-30,1.3042,101.0600,6.1307,1.5207
2013-05-31,1.2988,100.8300,6.1340,1.5185
2013-06-03,1.3098,99.1800,6.1312,1.5349
2013-06-04,1.3075,100.1500,6.1285,1.5304
2013-06-05,1.3088,99.1600,6.1276,1.5392
2013-06-06,1.3248,97.7600,6.1359,1.5601
2013-06-07,1.3242,97.2000,6.1333,1.5558
2013-06-10,1.3234,98.8800,6.1333,1.5556
2013-06-11,1.3278,96.8200,6.1333,1.5587
2013-06-12,1.3354,95.3600,6.1333,1.5697
2013-06-13,1.3314,94.2900,6.1341,1.5698
2013-06-14,1.3330,94.3400,6.1306,1.5686
2013-06-17,1.3341,94.8700,6.1248,1.5709
2013-06-18,1.3407,95.2000,6.1283,1.5625
2013-06-19,1.3404,95.2200,6.1264,1.5657
2013-06-20,1.3214,98.1800,6.1277,1.5469
2013-06-21,1.3113,97.4800,6.1328,1.5373
2013-06-24,1.3091,97.7000,6.1441,1.5404
2013-06-25,1.3080,97.8700,6.1448,1.5418
2013-06-26,1.3006,97.4300,6.1468,1.5332
2013-06-27,1.3016,98.4000,6.1488,1.5235
2013-06-28,1.3010,99.2100,6.1374,1.5210
2013-07-01,1.3060,99.6200,6.1325,1.5247
2013-07-02,1.3017,100.4300,6.1327,1.5171
2013-07-03,1.3005,99.8200,6.1301,1.5264
2013-07-04,.,.,.,.
2013-07-05,1.2831,100.9400,6.1324,1.4910
2013-07-08,1.2863,101.0700,6.1337,1.4932
2013-07-09,1.2774,101.0800,6.1293,1.4837
2013-07-10,1.2846,100.1000,6.1336,1.4935
2013-07-11,1.3046,98.8000,6.1350,1.5127
2013-07-12,1.3048,99.3900,6.1373,1.5108
2013-07-15,1.3039,100.0400,6.1373,1.5088
2013-07-16,1.3144,99.3700,6.1345,1.5122
2013-07-17,1.3094,99.7000,6.1351,1.5184
2013-07-18,1.3078,100.6000,6.1408,1.5193
2013-07-19,1.3142,100.3000,6.1377,1.5260
2013-07-22,1.3193,99.6000,6.1404,1.5366
2013-07-23,1.3212,99.7600,6.1369,1.5354
2013-07-24,1.3228,100.2100,6.1358,1.5367
2013-07-25,1.3234,99.5600,6.1346,1.5333
2013-07-26,1.3269,98.2400,6.1316,1.5368
2013-07-29,1.3262,97.8000,6.1323,1.5355
2013-07-30,1.3266,98.0200,6.1315,1.5244
2013-07-31,1.3282,98.3500,6.1284,1.5177
2013-08-01,1.3217,99.3000,6.1302,1.5145
2013-08-02,1.3268,99.0400,6.1293,1.5277
2013-08-05,1.3257,98.5400,6.1245,1.5347
2013-08-06,1.3296,97.8500,6.1215,1.5367
2013-08-07,1.3329,96.7200,6.1190,1.5514
2013-08-08,1.3392,96.0300,6.1207,1.5555
2013-08-09,1.3338,96.2400,6.1217,1.5507
2013-08-12,1.3312,96.4400,6.1218,1.5475
2013-08-13,1.3247,98.0600,6.1217,1.5451
2013-08-14,1.3256,98.1500,6.1191,1.5531
2013-08-15,1.3263,97.8100,6.1123,1.5573
2013-08-16,1.3321,97.6000,6.1145,1.5621
2013-08-19,1.3348,97.9400,6.1227,1.5665
2013-08-20,1.3426,97.1200,6.1241,1.5678
2013-08-21,1.3368,97.6600,6.1229,1.5678
2013-08-22,1.3362,98.5300,6.1206,1.5580
2013-08-23,1.3392,98.5700,6.1200,1.5578
2013-08-26,1.3369,98.6400,6.1202,1.5568
2013-08-27,1.3387,97.3000,6.1212,1.5528
2013-08-28,1.3326,97.6500,6.1202,1.5520
2013-08-29,1.3228,98.4600,6.1203,1.5488
2013-08-30,1.3196,98.2200,6.1193,1.5468
2013-09-02,.,.,.,.
2013-09-03,1.3164,99.4300,6.1204,1.5544
2013-09-04,1.3212,99.6100,6.1199,1.5643
2013-09-05,1.3120,100.0800,6.1194,1.5593
2013-09-06,1.3166,99.0400,6.1202,1.5633
2013-09-09,1.3260,99.5500,6.1209,1.5724
2013-09-10,1.3260,100.2200,6.1195,1.5731
2013-09-11,1.3301,100.0800,6.1183,1.5807
2013-09-12,1.3315,99.2400,6.1178,1.5819
2013-09-13,1.3276,99.3800,6.1186,1.5861
2013-09-16,1.3350,98.9800,6.1198,1.5927
2013-09-17,1.3357,99.1600,6.1213,1.5901
2013-09-18,1.3351,99.0400,6.1210,1.5965
2013-09-19,1.3527,99.3300,6.1210,1.6043
2013-09-20,1.3522,99.3800,6.1210,1.6021
2013-09-23,1.3520,98.7600,6.1201,1.6066
2013-09-24,1.3490,98.7600,6.1208,1.6006
2013-09-25,1.3536,98.6200,6.1190,1.6080
2013-09-26,1.3484,98.9500,6.1194,1.6012
2013-09-27,1.3537,98.3000,6.1179,1.6135
2013-09-30,1.3535,98.2900,6.1200,1.6179
2013-10-01,1.3534,98.0500,6.1200,1.6208
2013-10-02,1.3592,97.3600,6.1200,1.6224
2013-10-03,1.3642,97.0800,6.1200,1.6169
2013-10-04,1.3582,97.2000,6.1200,1.6069
2013-10-07,1.3569,97.0200,6.1200,1.6082
2013-10-08,1.3582,96.9400,6.1206,1.6089
2013-10-09,1.3513,97.2300,6.1209,1.5943
2013-10-10,1.3535,98.0900,6.1156,1.5975
2013-10-11,1.3559,98.4200,6.1204,1.5945
2013-10-14,.,.,.,.
2013-10-15,1.3494,98.5800,6.1026,1.5974
2013-10-16,1.3490,98.9000,6.0996,1.5904
2013-10-17,1.3664,97.8500,6.0980,1.6166
2013-10-18,1.3693,97.7700,6.0966,1.6184
2013-10-21,1.3672,98.1400,6.0924,1.6149
2013-10-22,1.3778,98.1800,6.0925,1.6221
2013-10-23,1.3786,97.2800,6.0833,1.6171
2013-10-24,1.3810,97.3600,6.0815,1.6186
2013-10-25,1.3794,97.4600,6.0838,1.6158
2013-10-28,1.3786,97.7000,6.0853,1.6131
2013-10-29,1.3770,98.0900,6.0897,1.6059
2013-10-30,1.3771,98.1400,6.0936,1.6078
2013-10-31,1.3594,98.1000,6.0943,1.6068
2013-11-01,1.3488,98.7800,6.0993,1.5922
2013-11-04,1.3516,98.6200,6.0980,1.5950
2013-11-05,1.3470,98.6000,6.0966,1.6044
2013-11-06,1.3530,98.6000,6.0925,1.6080
2013-11-07,1.3390,98.5600,6.0906,1.6069
2013-11-08,1.3357,99.0300,6.0903,1.5995
2013-11-11,.,.,.,.
2013-11-12,1.3428,99.6500,6.0917,1.5916
2013-11-13,1.3456,99.3100,6.0926,1.6033
2013-11-14,1.3468,99.9300,6.0920,1.6077
2013-11-15,1.3480,100.1700,6.0920,1.6107
2013-11-18,1.3520,100.0400,6.0918,1.6110
2013-11-19,1.3529,100.1400,6.0924,1.6110
2013-11-20,1.3451,100.0200,6.0925,1.6150
2013-11-21,1.3470,100.9500,6.0914,1.6155
2013-11-22,1.3547,101.2900,6.0935,1.6211
2013-11-25,1.3502,101.7000,6.0916,1.6146
2013-11-26,1.3555,101.3800,6.0925,1.6187
2013-11-27,1.3563,102.1800,6.0922,1.6267
2013-11-28,.,.,.,.
2013-11-29,1.3606,102.4500,6.0922,1.6373
2013-12-02,1.3552,103.0400,6.0927,1.6365
2013-12-03,1.3604,102.3600,6.0914,1.6416
2013-12-04,1.3555,102.4800,6.0913,1.6352
2013-12-05,1.3664,101.8200,6.0903,1.6328
2013-12-06,1.3690,102.8800,6.0815,1.6327
2013-12-09,1.3726,103.2200,6.0643,1.6403
2013-12-10,1.3765,102.8000,6.0705,1.6424
2013-12-11,1.3798,102.3800,6.0712,1.6389
2013-12-12,1.3752,103.1100,6.0710,1.6326
2013-12-13,1.3724,103.2800,6.0710,1.6294
2013-12-16,1.3757,102.9100,6.0713,1.6311
2013-12-17,1.3748,102.6300,6.0707,1.6254
2013-12-18,1.3766,103.1800,6.0713,1.6388
2013-12-19,1.3666,104.1600,6.0711,1.6382
2013-12-20,1.3673,104.0700,6.0711,1.6355
2013-12-23,1.3701,104.0600,6.0697,1.6356
2013-12-24,1.3676,104.2600,6.0712,1.6371
2013-12-25,.,.,.,.
2013-12-26,1.3690,104.7200,6.0744,1.6425
2013-12-27,1.3766,105.0500,6.0684,1.6491
2013-12-30,1.3816,105.0000,6.0617,1.6522
2013-12-31,1.3779,105.2500,6.0537,1.6574
2014-01-01,.,.,.,.
2014-01-02,1.3670,104.8400,6.0504,1.6441
2014-01-03,1.3606,104.4600,6.0505,1.6424
2014-01-06,1.3636,104.3800,6.0524,1.6412
2014-01-07,1.3618,104.5400,6.0507,1.6421
2014-01-08,1.3586,104.8700,6.0510,1.6461
2014-01-09,1.3591,104.7400,6.0540,1.6459
2014-01-10,1.3664,104.0600,6.0519,1.6470
2014-01-13,1.3647,103.3100,6.0432,1.6379
2014-01-14,1.3682,103.8000,6.0402,1.6450
2014-01-15,1.3604,104.4200,6.0459,1.6375
2014-01-16,1.3600,104.3200,6.0555,1.6335
2014-01-17,1.3554,104.3200,6.0500,1.6429
2014-01-20,.,.,.,.
2014-01-21,1.3560,104.1400,6.0503,1.6469
2014-01-22,1.3546,104.3600,6.0508,1.6571
2014-01-23,1.3680,103.6500,6.0515,1.6612
2014-01-24,1.3680,102.4100,6.0486,1.6491
2014-01-27,1.3679,102.2600,6.0478,1.6588
2014-01-28,1.3662,102.8000,6.0506,1.6581
2014-01-29,1.3663,102.2000,6.0554,1.6561
2014-01-30,1.3549,102.8300,6.0600,1.6487
2014-01-31,1.3500,102.2800,6.0590,1.6450
2014-02-03,1.3523,101.1100,6.0600,1.6307
2014-02-04,1.3507,101.6200,6.0600,1.6300
2014-02-05,1.3519,101.3800,6.0600,1.6308
2014-02-06,1.3604,101.8400,6.0600,1.6345
2014-02-07,1.3614,102.3200,6.0629,1.6395
2014-02-10,1.3644,102.1400,6.0591,1.6419
2014-02-11,1.3654,102.6300,6.0601,1.6468
2014-02-12,1.3592,102.4800,6.0614,1.6578
2014-02-13,1.3669,102.2000,6.0631,1.6643
2014-02-14,1.3690,101.8200,6.0666,1.6736
2014-02-17,.,.,.,.
2014-02-18,1.3758,102.3100,6.0671,1.6696
2014-02-19,1.3762,102.3000,6.0762,1.6718
2014-02-20,1.3690,102.3200,6.0832,1.6640
2014-02-21,1.3722,102.7100,6.0912,1.6630
2014-02-24,1.3744,102.4400,6.0982,1.6641
2014-02-25,1.3749,102.2000,6.1243,1.6696
2014-02-26,1.3668,102.3600,6.1243,1.6648
2014-02-27,1.3724,102.1200,6.1279,1.6693
2014-02-28,1.3806,102.0800,6.1448,1.6750
2014-03-03,1.3763,101.3600,6.1460,1.6712
2014-03-04,1.3731,102.1800,6.1430,1.6665
2014-03-05,1.3734,102.3200,6.1280,1.6729
2014-03-06,1.3848,103.0300,6.1183,1.6743
2014-03-07,1.3868,103.3800,6.1258,1.6725
2014-03-10,1.3880,103.2300,6.1383,1.6633
2014-03-11,1.3867,103.1800,6.1397,1.6628
2014-03-12,1.3904,102.7400,6.1448,1.6605
2014-03-13,1.3927,102.1200,6.1359,1.6677
2014-03-14,1.3924,101.4600,6.1500,1.6630
2014-03-17,1.3927,101.6200,6.1779,1.6645
2014-03-18,1.3913,101.3700,6.1918,1.6574
2014-03-19,1.3910,101.5400,6.1934,1.6629
2014-03-20,1.3784,102.3900,6.2273,1.6511
2014-03-21,1.3783,102.3800,6.2248,1.6498
2014-03-24,1.3784,102.2100,6.1956,1.6491
2014-03-25,1.3777,102.3200,6.2010,1.6507
2014-03-26,1.3786,102.3000,6.2084,1.6566
2014-03-27,1.3752,102.1000,6.2123,1.6627
2014-03-28,1.3753,102.9200,6.2117,1.6637
2014-03-31,1.3777,102.9800,6.2164,1.6675
2014-04-01,1.3804,103.5200,6.2064,1.6639
2014-04-02,1.3761,103.8200,6.2054,1.6634
2014-04-03,1.3708,103.9400,6.2102,1.6583
2014-04-04,1.3704,103.3900,6.2118,1.6594
2014-04-07,1.3745,103.0400,6.2118,1.6616
2014-04-08,1.3802,102.1200,6.1966,1.6743
2014-04-09,1.3816,101.8500,6.2003,1.6751
2014-04-10,1.3892,101.4300,6.2123,1.6781
2014-04-11,1.3898,101.5600,6.2111,1.6736
2014-04-14,1.3824,101.8100,6.2186,1.6741
2014-04-15,1.3806,101.6000,6.2215,1.6725
2014-04-16,1.3820,102.3000,6.2204,1.6794
2014-04-17,1.3832,102.2200,6.2188,1.6809
2014-04-18,1.3816,102.4300,6.2240,1.6792
2014-04-21,1.3790,102.5600,6.2269,1.6792
2014-04-22,1.3804,102.6000,6.2373,1.6833
2014-04-23,1.3814,102.2600,6.2374,1.6768
2014-04-24,1.3828,102.3400,6.2484,1.6797
2014-04-25,1.3838,102.1200,6.2534,1.6810
2014-04-28,1.3844,102.4600,6.2520,1.6812
2014-04-29,1.3808,102.5700,6.2578,1.6829
2014-04-30,1.3870,102.1400,6.2591,1.6883
2014-05-01,1.3867,102.3000,6.2591,1.6900
2014-05-02,1.3864,102.3400,6.2591,1.6865
2014-05-05,1.3884,102.0600,6.2453,1.6870
2014-05-06,1.3924,101.5700,6.2255,1.6976
2014-05-07,1.3917,101.7200,6.2349,1.6964
2014-05-08,1.3864,101.6600,6.2272,1.6944
2014-05-09,1.3763,101.7400,6.2270,1.6849
2014-05-12,1.3760,102.1000,6.2364,1.6871
2014-05-13,1.3711,102.2000,6.2283,1.6838
2014-05-14,1.3718,101.7500,6.2282,1.6784
2014-05-15,1.3712,101.4400,6.2291,1.6791
2014-05-16,1.3708,101.5000,6.2327,1.6827
2014-05-19,1.3716,101.2600,6.2368,1.6822
2014-05-20,1.3702,101.2600,6.2377,1.6847
2014-05-21,1.3657,101.4400,6.2335,1.6869
2014-05-22,1.3652,101.7600,6.2348,1.6859
2014-05-23,1.3628,101.8800,6.2363,1.6822
2014-05-26,.,.,.,.
2014-05-27,1.3618,102.1400,6.2471,1.6800
2014-05-28,1.3596,101.7800,6.2535,1.6709
2014-05-29,1.3608,101.5800,6.2375,1.6719
2014-05-30,1.3640,101.7700,6.2471,1.6764
2014-06-02,1.3606,102.3000,6.2471,1.6756
2014-06-03,1.3624,102.4200,6.2536,1.6753
2014-06-04,1.3619,102.6900,6.2494,1.6747
2014-06-05,1.3618,102.4400,6.2548,1.6796
2014-06-06,1.3639,102.5000,6.2498,1.6794
2014-06-09,1.3589,102.5200,6.2397,1.6798
2014-06-10,1.3543,102.3700,6.2240,1.6753
2014-06-11,1.3532,101.9400,6.2277,1.6795
2014-06-12,1.3556,101.8300,6.2175,1.6853
2014-06-13,1.3522,102.0600,6.2090,1.6953
2014-06-16,1.3578,101.8200,6.2250,1.6988
2014-06-17,1.3543,102.1800,6.2263,1.6965
2014-06-18,1.3567,102.1600,6.2309,1.6951
2014-06-19,1.3620,101.8400,6.2287,1.7046
2014-06-20,1.3586,102.1400,6.2240,1.7014
2014-06-23,1.3593,101.9000,6.2250,1.7010
2014-06-24,1.3588,102.1300,6.2308,1.6971
2014-06-25,1.3638,101.7500,6.2343,1.6986
2014-06-26,1.3610,101.6600,6.2235,1.7018
2014-06-27,1.3631,101.3900,6.2180,1.7016
2014-06-30,1.3690,101.2800,6.2036,1.7105
2014-07-01,1.3681,101.5100,6.1995,1.7147
2014-07-02,1.3656,101.7600,6.2101,1.7165
2014-07-03,1.3610,102.1900,6.2115,1.7152
2014-07-04,.,.,.,.
2014-07-07,1.3604,101.8400,6.2036,1.7128
2014-07-08,1.3614,101.5300,6.2010,1.7127
2014-07-09,1.3630,101.7000,6.1994,1.7130
2014-07-10,1.3600,101.2600,6.2023,1.7122
2014-07-11,1.3598,101.3300,6.2034,1.7108
2014-07-14,1.3620,101.5800,6.2059,1.7079
2014-07-15,1.3573,101.6200,6.2075,1.7149
2014-07-16,1.3530,101.6900,6.2035,1.7131
2014-07-17,1.3530,101.3000,6.2033,1.7104
2014-07-18,1.3515,101.3700,6.2075,1.7069
2014-07-21,1.3524,101.3400,6.2088,1.7067
2014-07-22,1.3470,101.5400,6.2025,1.7058
2014-07-23,1.3462,101.5000,6.1982,1.7036
2014-07-24,1.3468,101.8200,6.1944,1.6981
2014-07-25,1.3431,101.8100,6.1913,1.6972
2014-07-28,1.3440,101.8200,6.1870,1.6991
2014-07-29,1.3410,102.1200,6.1800,1.6939
2014-07-30,1.3378,102.9000,6.1712,1.6903
2014-07-31,1.3390,102.7500,6.1737,1.6889
2014-08-01,1.3436,102.4500,6.1793,1.6832
2014-08-04,1.3414,102.4700,6.1780,1.6841
2014-08-05,1.3366,102.7700,6.1705,1.6874
2014-08-06,1.3355,102.3400,6.1625,1.6833
2014-08-07,1.3362,102.0600,6.1618,1.6849
2014-08-08,1.3412,101.9100,6.1557,1.6778
2014-08-11,1.3385,102.1400,6.1528,1.6787
2014-08-12,1.3357,102.2200,6.1575,1.6806
2014-08-13,1.3367,102.4800,6.1531,1.6696
2014-08-14,1.3376,102.4400,6.1575,1.6694
2014-08-15,1.3392,102.1900,6.1470,1.6686
2014-08-18,1.3358,102.5400,6.1425,1.6720
2014-08-19,1.3320,102.8600,6.1425,1.6620
2014-08-20,1.3284,103.3600,6.1395,1.6633
2014-08-21,1.3284,103.7800,6.1510,1.6589
2014-08-22,1.3237,103.9700,6.1510,1.6574
2014-08-25,1.3206,103.9600,6.1540,1.6585
2014-08-26,1.3189,104.1200,6.1522,1.6570
2014-08-27,1.3192,103.9800,6.1430,1.6573
2014-08-28,1.3178,103.7800,6.1423,1.6579
2014-08-29,1.3150,104.0000,6.1430,1.6585
2014-09-01,.,.,.,.
2014-09-02,1.3124,105.1000,6.1480,1.6502
2014-09-03,1.3136,104.8800,6.1408,1.6451
2014-09-04,1.2926,105.2200,6.1383,1.6349
2014-09-05,1.2956,104.9400,6.1400,1.6312
2014-09-08,1.2948,105.6500,6.1400,1.6141
2014-09-09,1.2909,106.3200,6.1362,1.6088
2014-09-10,1.2908,106.7600,6.1284,1.6134
2014-09-11,1.2936,106.8700,6.1295,1.6225
2014-09-12,1.2955,107.2400,6.1344,1.6243
2014-09-15,1.2951,107.1800,6.1415,1.6243
2014-09-16,1.2976,106.9100,6.1459,1.6290
2014-09-17,1.2958,107.5800,6.1385,1.6329
2014-09-18,1.2913,108.6900,6.1400,1.6372
2014-09-19,1.2835,108.9600,6.1403,1.6314
2014-09-22,1.2829,108.8800,6.1400,1.6340
2014-09-23,1.2858,108.8200,6.1368,1.6370
2014-09-24,1.2788,108.9200,6.1346,1.6344
2014-09-25,1.2748,108.7000,6.1355,1.6313
2014-09-26,1.2686,109.3200,6.1266,1.6254
2014-09-29,1.2703,109.3400,6.1495,1.6262
2014-09-30,1.2628,109.6600,6.1380,1.6220
2014-10-01,1.2618,109.3000,6.1380,1.6216
2014-10-02,1.2670,108.1000,6.1380,1.6140
2014-10-03,1.2517,109.7000,6.1385,1.5962
2014-10-06,1.2592,109.0800,6.1385,1.6029
2014-10-07,1.2626,108.3000,6.1385,1.6072
2014-10-08,1.2683,108.4100,6.1385,1.6068
2014-10-09,1.2683,108.0000,6.1299,1.6123
2014-10-10,1.2636,107.8300,6.1308,1.6049
2014-10-13,.,.,.,.
2014-10-14,1.2660,107.1500,6.1250,1.5930
2014-10-15,1.2778,106.0600,6.1249,1.5959
2014-10-16,1.2812,105.9800,6.1230,1.6065
2014-10-17,1.2755,106.7200,6.1238,1.6086
2014-10-20,1.2783,106.8700,6.1233,1.6137
2014-10-21,1.2724,106.7000,6.1205,1.6134
2014-10-22,1.2658,107.3200,6.1180,1.6070
2014-10-23,1.2658,108.1600,6.1190,1.6037
2014-10-24,1.2675,108.0600,6.1168,1.6098
2014-10-27,1.2712,107.7100,6.1160,1.6133
2014-10-28,1.2747,108.0000,6.1130,1.6157
2014-10-29,1.2762,108.1000,6.1107,1.6149
2014-10-30,1.2622,108.9400,6.1140,1.6023
2014-10-31,1.2530,112.0900,6.1124,1.5999
2014-11-03,1.2487,113.9200,6.1178,1.5986
2014-11-04,1.2554,113.4400,6.1150,1.5991
2014-11-05,1.2488,114.6200,6.1135,1.5984
2014-11-06,1.2414,114.8700,6.1117,1.5862
2014-11-07,1.2422,114.7300,6.1225,1.5844
2014-11-10,1.2425,114.7800,6.1190,1.5857
2014-11-11,.,.,.,.
2014-11-12,1.2456,115.4200,6.1257,1.5815
2014-11-13,1.2476,115.6300,6.1243,1.5717
2014-11-14,1.2494,116.5200,6.1290,1.5657
2014-11-17,1.2447,116.4400,6.1242,1.5645
2014-11-18,1.2534,116.7600,6.1208,1.5648
2014-11-19,1.2548,117.7000,6.1190,1.5670
2014-11-20,1.2526,118.1400,6.1230,1.5683
2014-11-21,1.2394,117.7400,6.1244,1.5672
2014-11-24,1.2427,118.3900,6.1412,1.5701
2014-11-25,1.2472,117.9900,6.1355,1.5714
2014-11-26,1.2503,117.6000,6.1386,1.5787
2014-11-27,.,.,.,.
2014-11-28,1.2438,118.7000,6.1429,1.5638
2014-12-01,1.2490,118.1400,6.1515,1.5743
2014-12-02,1.2390,119.1000,6.1490,1.5651
2014-12-03,1.2304,119.8200,6.1499,1.5700
2014-12-04,1.2432,119.6700,6.1541,1.5707
2014-12-05,1.2304,121.3800,6.1497,1.5600
2014-12-08,1.2292,120.8900,6.1725,1.5625
2014-12-09,1.2415,118.8700,6.1855,1.5694
2014-12-10,1.2425,118.5000,6.1763,1.5689
2014-12-11,1.2397,119.4000,6.1881,1.5712
2014-12-12,1.2484,118.2200,6.1864,1.5728
2014-12-15,1.2470,117.7500,6.1900,1.5663
2014-12-16,1.2504,117.2800,6.1890,1.5736
2014-12-17,1.2406,117.6400,6.1957,1.5652
2014-12-18,1.2291,118.8400,6.2139,1.5662
2014-12-19,1.2235,119.5600,6.2196,1.5609
2014-12-22,1.2252,119.8400,6.2213,1.5618
2014-12-23,1.2180,120.6800,6.2256,1.5517
2014-12-24,1.2188,120.4500,6.2148,1.5549
2014-12-25,.,.,.,.
2014-12-26,.,.,.,.
2014-12-29,1.2179,120.5700,6.2222,1.5524
2014-12-30,1.2174,119.3400,6.2015,1.5573
2014-12-31,1.2101,119.8500,6.2046,1.5578
2015-01-01,.,.,.,.
2015-01-02,1.2015,120.2000,6.2046,1.5361
2015-01-05,1.1918,119.6400,6.2201,1.5234
2015-01-06,1.1936,118.2600,6.2125,1.5174
2015-01-07,1.1820,119.5200,6.2127,1.5073
2015-01-08,1.1811,119.5100,6.2143,1.5118
2015-01-09,1.1830,118.6600,6.2085,1.5151
2015-01-12,1.1832,118.3200,6.2027,1.5168
2015-01-13,1.1779,118.1600,6.1970,1.5166
2015-01-14,1.1806,116.7800,6.1957,1.5234
2015-01-15,1.1598,116.9500,6.1870,1.5161
2015-01-16,1.1517,117.4500,6.2065,1.5132
2015-01-19,.,.,.,.
2015-01-20,1.1559,118.4800,6.2137,1.5162
2015-01-21,1.1584,117.8600,6.2112,1.5118
2015-01-22,1.1414,117.9200,6.2085,1.5052
2015-01-23,1.1279,117.8000,6.2279,1.5022
2015-01-26,1.1290,118.3800,6.2535,1.5088
2015-01-27,1.1370,117.6200,6.2430,1.5196
2015-01-28,1.1342,117.7400,6.2475,1.5165
2015-01-29,1.1308,118.3100,6.2463,1.5043
2015-01-30,1.1290,117.4400,6.2495,1.5026
2015-02-02,1.1337,117.3300,6.2594,1.5027
2015-02-03,1.1462,117.4800,6.2573,1.5129
2015-02-04,1.1418,117.5800,6.2472,1.5209
2015-02-05,1.1432,117.4000,6.2516,1.5293
2015-02-06,1.1330,119.1600,6.2417,1.5247
2015-02-09,1.1316,118.7000,6.2467,1.5217
2015-02-10,1.1316,119.3200,6.2405,1.5252
2015-02-11,1.1300,120.3800,6.2422,1.5232
2015-02-12,1.1410,118.7200,6.2440,1.5380
2015-02-13,1.1408,118.7000,6.2399,1.5394
2015-02-16,.,.,.,.
2015-02-17,1.1395,118.9900,6.2546,1.5349
2015-02-18,1.1342,119.1900,6.2546,1.5430
2015-02-19,1.1392,118.8400,6.2546,1.5451
2015-02-20,1.1372,118.6800,6.2546,1.5385
2015-02-23,1.1346,118.8800,6.2546,1.5465
2015-02-24,1.1307,119.1300,6.2546,1.5434
2015-02-25,1.1363,118.8800,6.2591,1.5499
2015-02-26,1.1212,119.3600,6.2584,1.5424
2015-02-27,1.1197,119.7200,6.2695,1.5439
2015-03-02,1.1190,120.0600,6.2720,1.5371
2015-03-03,1.1212,119.4700,6.2741,1.5391
2015-03-04,1.1070,119.7600,6.2701,1.5266
2015-03-05,1.1006,120.2200,6.2658,1.5229
2015-03-06,1.0855,120.9300,6.2620,1.5063
2015-03-09,1.0846,121.1700,6.2635,1.5097
2015-03-10,1.0707,121.2000,6.2615,1.5086
2015-03-11,1.0576,121.5000,6.2613,1.4945
2015-03-12,1.0615,121.2800,6.2614,1.4907
2015-03-13,1.0524,121.1700,6.2585,1.4755
2015-03-16,1.0575,121.3000,6.2620,1.4800
2015-03-17,1.0605,121.2800,6.2490,1.4744
2015-03-18,1.0643,120.9200,6.2289,1.4686
2015-03-19,1.0621,120.9000,6.1955,1.4729
2015-03-20,1.0792,120.2800,6.2037,1.4923
2015-03-23,1.0928,119.7400,6.2135,1.4936
2015-03-24,1.0908,119.9000,6.2046,1.4870
2015-03-25,1.0986,119.3700,6.2116,1.4915
2015-03-26,1.0919,119.0100,6.2103,1.4844
2015-03-27,1.0891,119.1500,6.2145,1.4878
2015-03-30,1.0818,120.1100,6.2065,1.4792
2015-03-31,1.0741,119.9600,6.1990,1.4850
2015-04-01,1.0768,119.6200,6.1976,1.4823
2015-04-02,1.0874,119.7400,6.1968,1.4842
2015-04-03,1.0990,118.9600,6.1930,1.4916
2015-04-06,1.1008,119.0500,6.1930,1.4959
2015-04-07,1.0850,120.3600,6.1955,1.4857
2015-04-08,1.0818,119.9600,6.2020,1.4924
2015-04-09,1.0671,120.3200,6.2050,1.4739
2015-04-10,1.0598,120.2900,6.2082,1.4648
2015-04-13,1.0582,120.3200,6.2152,1.4658
2015-04-14,1.0672,119.2600,6.2113,1.4790
2015-04-15,1.0596,119.2300,6.2037,1.4782
2015-04-16,1.0742,119.1800,6.1947,1.4923
2015-04-17,1.0780,119.0200,6.1976,1.4942
2015-04-20,1.0763,119.2700,6.2014,1.4913
2015-04-21,1.0758,119.4500,6.2010,1.4944
2015-04-22,1.0729,119.9000,6.1927,1.5027
2015-04-23,1.0803,119.6900,6.1975,1.5047
2015-04-24,1.0876,118.9800,6.1930,1.5176
2015-04-27,1.0892,119.1200,6.2185,1.5235
2015-04-28,1.0979,118.8000,6.2035,1.5328
2015-04-29,1.1174,118.8300,6.1989,1.5485
2015-04-30,1.1162,119.8600,6.2018,1.5328
2015-05-01,1.1194,120.2100,6.2018,1.5137
2015-05-04,1.1145,120.2500,6.2085,1.5118
2015-05-05,1.1174,119.8700,6.2058,1.5178
2015-05-06,1.1345,119.4200,6.2001,1.5244
2015-05-07,1.1283,119.7400,6.2063,1.5223
2015-05-08,1.1241,119.7800,6.2084,1.5455
2015-05-11,1.1142,120.0500,6.2086,1.5593
2015-05-12,1.1240,119.8000,6.2086,1.5685
2015-05-13,1.1372,119.0900,6.2043,1.5748
2015-05-14,1.1368,119.2000,6.2013,1.5766
2015-05-15,1.1428,119.3600,6.2051,1.5772
2015-05-18,1.1354,119.8200,6.2041,1.5679
2015-05-19,1.1151,120.5800,6.2064,1.5523
2015-05-20,1.1079,121.2800,6.2036,1.5544
2015-05-21,1.1126,121.0600,6.1958,1.5672
2015-05-22,1.1033,121.4500,6.1972,1.5484
2015-05-25,.,.,.,.
2015-05-26,1.0876,123.0800,6.2038,1.5398
2015-05-27,1.0888,123.7600,6.2011,1.5324
2015-05-28,1.0914,124.1800,6.2002,1.5291
2015-05-29,1.0994,123.9800,6.1980,1.5286
2015-06-01,1.0913,124.6400,6.1985,1.5187
2015-06-02,1.1130,124.1900,6.1980,1.5331
2015-06-03,1.1285,124.0600,6.1976,1.5351
2015-06-04,1.1271,124.5600,6.2006,1.5367
2015-06-05,1.1108,125.5800,6.2024,1.5267
2015-06-08,1.1232,125.0800,6.2053,1.5280
2015-06-09,1.1284,124.1600,6.2047,1.5383
2015-06-10,1.1307,122.7200,6.2055,1.5530
2015-06-11,1.1236,123.6200,6.2065,1.5493
2015-06-12,1.1278,123.2300,6.2081,1.5587
2015-06-15,1.1266,123.3800,6.2080,1.5572
2015-06-16,1.1238,123.3900,6.2085,1.5637
2015-06-17,1.1244,124.2500,6.2086,1.5708
2015-06-18,1.1404,122.8700,6.2075,1.5882
2015-06-19,1.1335,122.7000,6.2085,1.5881
2015-06-22,1.1378,123.2800,6.2085,1.5823
2015-06-23,1.1190,123.7100,6.2066,1.5751
2015-06-24,1.1178,124.2400,6.2061,1.5681
2015-06-25,1.1196,123.6300,6.2084,1.5728
2015-06-26,1.1156,123.9200,6.2080,1.5739
2015-06-29,1.1180,122.5000,6.2085,1.5764
2015-06-30,1.1154,122.1000,6.2000,1.5727
2015-07-01,1.1084,123.0200,6.2008,1.5617
2015-07-02,1.1090,123.1400,6.2044,1.5614
2015-07-03,.,.,.,.
2015-07-06,1.1076,122.5300,6.2089,1.5619
2015-07-07,1.0952,122.1600,6.2097,1.5443
2015-07-08,1.1072,120.5400,6.2087,1.5353
2015-07-09,1.1025,121.2200,6.2086,1.5375
2015-07-10,1.1150,122.7500,6.2092,1.5503
2015-07-13,1.1020,123.3500,6.2081,1.5518
2015-07-14,1.1015,123.3900,6.2088,1.5584
2015-07-15,1.0965,123.8900,6.2082,1.5621
2015-07-16,1.0898,124.0400,6.2094,1.5601
2015-07-17,1.0848,124.0000,6.2085,1.5624
2015-07-20,1.0850,124.2400,6.2095,1.5587
2015-07-21,1.0927,123.9300,6.2095,1.5550
2015-07-22,1.0884,124.0800,6.2093,1.5617
2015-07-23,1.0976,123.8800,6.2091,1.5533
2015-07-24,1.0976,123.7400,6.2095,1.5514
2015-07-27,1.1112,123.2400,6.2091,1.5595
2015-07-28,1.1055,123.5200,6.2084,1.5617
2015-07-29,1.1026,123.8600,6.2089,1.5624
2015-07-30,1.0914,124.3800,6.2096,1.5581
2015-07-31,1.1028,123.9400,6.2097,1.5634
2015-08-03,1.0962,123.9800,6.2087,1.5603
2015-08-04,1.0953,124.0000,6.2086,1.5612
2015-08-05,1.0868,124.8400,6.2096,1.5604
2015-08-06,1.0922,124.6000,6.2096,1.5521
2015-08-07,1.0958,124.2700,6.2087,1.5467
2015-08-10,1.0994,124.5500,6.2094,1.5546
2015-08-11,1.1042,124.9000,6.3232,1.5572
2015-08-12,1.1198,123.8700,6.3845,1.5639
2015-08-13,1.1144,124.3200,6.3982,1.5595
2015-08-14,1.1110,124.2700,6.3908,1.5625
2015-08-17,1.1078,124.3300,6.3937,1.5598
2015-08-18,1.1028,124.3900,6.3928,1.5658
2015-08-19,1.1061,124.1000,6.3956,1.5645
2015-08-20,1.1200,123.5400,6.3875,1.5688
2015-08-21,1.1356,122.1100,6.3887,1.5698
2015-08-24,1.1580,118.5600,6.4029,1.5731
2015-08-25,1.1410,119.9100,6.4122,1.5698
2015-08-26,1.1390,119.0700,6.4083,1.5493
2015-08-27,1.1239,120.8900,6.4053,1.5411
2015-08-28,1.1172,121.3200,6.3890,1.5362
2015-08-31,1.1194,121.2600,6.3760,1.5363
2015-09-01,1.1263,119.9400,6.3630,1.5341
2015-09-02,1.1242,120.0000,6.3544,1.5310
2015-09-03,1.1104,120.2000,6.3549,1.5254
2015-09-04,1.1117,119.0500,6.3549,1.5195
2015-09-07,.,.,.,.
2015-09-08,1.1182,119.7200,6.3657,1.5381
2015-09-09,1.1165,120.9400,6.3768,1.5363
2015-09-10,1.1262,120.7100,6.3770,1.5457
2015-09-11,1.1338,120.6600,6.3735,1.5426
2015-09-14,1.1307,119.9200,6.3664,1.5423
2015-09-15,1.1260,120.3000,6.3685,1.5352
2015-09-16,1.1304,120.6200,6.3694,1.5499
2015-09-17,1.1312,120.9000,6.3645,1.5509
2015-09-18,1.1358,119.8500,6.3628,1.5573
2015-09-21,1.1204,120.4600,6.3676,1.5506
2015-09-22,1.1133,120.0400,6.3750,1.5356
2015-09-23,1.1160,120.1200,6.3836,1.5243
2015-09-24,1.1252,119.5400,6.3818,1.5254
2015-09-25,1.1192,120.7400,6.3737,1.5172
2015-09-28,1.1236,119.8200,6.3685,1.5208
2015-09-29,1.1246,119.7600,6.3621,1.5168
2015-09-30,1.1162,119.8100,6.3556,1.5116
2015-10-01,1.1200,119.5800,6.3559,1.5162
2015-10-02,1.1276,119.4200,6.3559,1.5216
2015-10-05,1.1200,120.3600,6.3559,1.5165
2015-10-06,1.1266,120.1800,6.3559,1.5227
2015-10-07,1.1249,119.9000,6.3559,1.5315
2015-10-08,1.1282,119.9400,6.3529,1.5316
2015-10-09,1.1363,120.3000,6.3450,1.5315
2015-10-12,.,.,.,.
2015-10-13,1.1382,119.8000,6.3417,1.5242
2015-10-14,1.1437,119.2100,6.3462,1.5445
2015-10-15,1.1418,118.2600,6.3459,1.5475
2015-10-16,1.1360,119.6000,6.3523,1.5441
2015-10-19,1.1320,119.5000,6.3591,1.5471
2015-10-20,1.1359,119.7900,6.3480,1.5470
2015-10-21,1.1345,119.9100,6.3487,1.5463
2015-10-22,1.1140,120.5000,6.3577,1.5399
2015-10-23,1.1016,121.2000,6.3488,1.5340
2015-10-26,1.1051,120.8700,6.3517,1.5361
2015-10-27,1.1052,120.2900,6.3517,1.5312
2015-10-28,1.1066,120.5600,6.3581,1.5319
2015-10-29,1.0963,121.1400,6.3552,1.5296
2015-10-30,1.1042,120.7000,6.3180,1.5445
2015-11-02,1.1026,120.7000,6.3180,1.5428
2015-11-03,1.0946,121.2000,6.3180,1.5404
2015-11-04,1.0861,121.5200,6.3357,1.5377
2015-11-05,1.0869,121.7100,6.3180,1.5236
2015-11-06,1.0746,123.2000,6.3180,1.5071
2015-11-09,1.0767,123.0400,6.3619,1.5124
2015-11-10,1.0686,123.2200,6.3603,1.5110
2015-11-11,.,.,.,.
2015-11-12,1.0768,122.8400,6.3690,1.5206
2015-11-13,1.0722,122.9300,6.3735,1.5208
2015-11-16,1.0708,123.1100,6.3700,1.5204
2015-11-17,1.0634,123.4800,6.3771,1.5214
2015-11-18,1.0638,123.5100,6.3834,1.5210
2015-11-19,1.0746,122.7100,6.3825,1.5327
2015-11-20,1.0660,122.8000,6.3835,1.5199
2015-11-23,1.0602,123.0200,6.3890,1.5125
2015-11-24,1.0652,122.4700,6.3883,1.5057
2015-11-25,1.0616,122.7000,6.3877,1.5109
2015-11-26,.,.,.,.
2015-11-27,1.0596,122.8400,6.3945,1.5040
2015-11-30,1.0562,123.2200,6.3883,1.5044
2015-12-01,1.0620,122.8800,6.3883,1.5074
2015-12-02,1.0573,123.5200,6.3883,1.4927
2015-12-03,1.0902,123.0600,6.3883,1.5088
2015-12-04,1.0884,123.1000,6.3883,1.5100
2015-12-07,1.0840,123.3100,6.4081,1.5076
2015-12-08,1.0876,123.0000,6.4162,1.5000
2015-12-09,1.0984,121.8600,6.4270,1.5168
2015-12-10,1.0948,121.4400,6.4363,1.5176
2015-12-11,1.1002,120.9400,6.4538,1.5213
2015-12-14,1.1025,120.5700,6.4588,1.5130
2015-12-15,1.0911,121.6600,6.4600,1.5044
2015-12-16,1.0937,121.8800,6.4723,1.5013
2015-12-17,1.0804,122.7500,6.4822,1.4876
2015-12-18,1.0847,121.2000,6.4800,1.4914
2015-12-21,1.0920,120.9900,6.4793,1.4906
2015-12-22,1.0978,120.9400,6.4778,1.4811
2015-12-23,1.0875,120.9400,6.4763,1.4863
2015-12-24,1.0955,120.3200,6.4758,1.4943
2015-12-25,.,.,.,.
2015-12-28,1.0983,120.3000,6.4778,1.4883
2015-12-29,1.0916,120.4400,6.4778,1.4794
2015-12-30,1.0912,120.6000,6.4896,1.4832
2015-12-31,1.0859,120.2700,6.4778,1.4746
2016-01-01,.,.,.,.
2016-01-04,1.0803,119.3000,6.5338,1.4686
2016-01-05,1.0743,118.9500,6.5219,1.4664
2016-01-06,1.0762,118.5400,6.5554,1.4626
2016-01-07,1.0860,118.0000,6.5926,1.4579
2016-01-08,1.0885,117.7400,6.5932,1.4523
2016-01-11,1.0878,117.4800,6.5675,1.4564
2016-01-12,1.0837,117.7800,6.5700,1.4403
2016-01-13,1.0862,118.0600,6.5700,1.4470
2016-01-14,1.0862,118.0300,6.5891,1.4409
2016-01-15,1.0964,116.7800,6.5840,1.4289
2016-01-18,.,.,.,.
2016-01-19,1.0906,117.6600,6.5783,1.4171
2016-01-20,1.0908,116.3800,6.5781,1.4167
2016-01-21,1.0833,117.6100,6.5794,1.4198
2016-01-22,1.0814,118.3700,6.5788,1.4308
2016-01-25,1.0832,118.5500,6.5790,1.4245
2016-01-26,1.0846,118.5000,6.5814,1.4342
2016-01-27,1.0867,118.9000,6.5773,1.4261
2016-01-28,1.0952,118.6100,6.5744,1.4351
2016-01-29,1.0832,121.0500,6.5752,1.4184
2016-02-01,1.0888,121.0600,6.5778,1.4367
2016-02-02,1.0908,120.2700,6.5795,1.4399
2016-02-03,1.1051,117.9200,6.5765,1.4576
2016-02-04,1.1199,116.7500,6.5638,1.4580
2016-02-05,1.1131,116.9900,6.5710,1.4468
2016-02-08,1.1170,115.7000,6.5710,1.4415
2016-02-09,1.1300,114.8000,6.5710,1.4473
2016-02-10,1.1222,114.0300,6.5710,1.4473
2016-02-11,1.1362,111.7200,6.5710,1.4448
2016-02-12,1.1235,112.9600,6.5710,1.4460
2016-02-15,.,.,.,.
2016-02-16,1.1140,113.9000,6.5154,1.4290
2016-02-17,1.1140,114.1400,6.5270,1.4317
2016-02-18,1.1092,113.6200,6.5163,1.4333
2016-02-19,1.1127,112.4200,6.5202,1.4343
2016-02-22,1.1018,113.1200,6.5197,1.4157
2016-02-23,1.1016,112.1700,6.5263,1.4040
2016-02-24,1.1021,111.3600,6.5290,1.3932
2016-02-25,1.1026,112.7000,6.5320,1.3937
2016-02-26,1.0932,113.7800,6.5390,1.3867
2016-02-29,1.0868,112.9000,6.5525,1.3926
2016-03-01,1.0847,113.9400,6.5500,1.3948
2016-03-02,1.0845,113.8100,6.5499,1.4059
2016-03-03,1.0948,113.5300,6.5312,1.4152
2016-03-04,1.1010,113.9100,6.5064,1.4226
2016-03-07,1.1004,113.6000,6.5155,1.4256
2016-03-08,1.1028,112.5800,6.5044,1.4225
2016-03-09,1.1022,113.0600,6.5105,1.4236
2016-03-10,1.1162,113.1000,6.5070,1.4306
2016-03-11,1.1180,113.6600,6.4940,1.4426
2016-03-14,1.1107,113.5900,6.4984,1.4324
2016-03-15,1.1112,112.8800,6.5110,1.4166
2016-03-16,1.1075,113.6900,6.5189,1.4100
2016-03-17,1.1316,111.3000,6.4745,1.4490
2016-03-18,1.1292,111.3800,6.4682,1.4514
2016-03-21,1.1260,111.6200,6.4812,1.4402
2016-03-22,1.1228,111.8200,6.4876,1.4217
2016-03-23,1.1174,112.6300,6.5035,1.4111
2016-03-24,1.1163,112.6400,6.5124,1.4143
2016-03-25,1.1164,113.0500,6.5131,1.4131
2016-03-28,1.1210,113.2900,6.5051,1.4250
2016-03-29,1.1204,113.3300,6.5063,1.4281
2016-03-30,1.1330,112.6000,6.4648,1.4390
2016-03-31,1.1390,112.4200,6.4480,1.4381
2016-04-01,1.1385,112.0600,6.4776,1.4204
2016-04-04,1.1386,111.1800,6.4776,1.4279
2016-04-05,1.1374,110.2600,6.4760,1.4149
2016-04-06,1.1430,109.6300,6.4780,1.4162
2016-04-07,1.1386,107.9800,6.4599,1.4082
2016-04-08,1.1406,108.3600,6.4628,1.4105
2016-04-11,1.1412,107.9600,6.4580,1.4240
2016-04-12,1.1395,108.5400,6.4639,1.4244
2016-04-13,1.1281,109.2100,6.4768,1.4223
2016-04-14,1.1262,109.2000,6.4810,1.4148
2016-04-15,1.1295,108.7600,6.4730,1.4217
2016-04-18,1.1322,108.8500,6.4717,1.4276
2016-04-19,1.1375,109.1600,6.4571,1.4396
2016-04-20,1.1330,109.5100,6.4675,1.4375
2016-04-21,1.1301,109.4100,6.4810,1.4338
2016-04-22,1.1239,111.5000,6.5004,1.4390
2016-04-25,1.1274,111.0800,6.4900,1.4492
2016-04-26,1.1318,111.2300,6.4905,1.4611
2016-04-27,1.1322,111.2600,6.4940,1.4554
2016-04-28,1.1325,108.5500,6.4735,1.4581
2016-04-29,1.1441,106.9000,6.4738,1.4625
2016-05-02,1.1516,106.4800,6.4738,1.4666
2016-05-03,1.1508,106.3400,6.4900,1.4543
2016-05-04,1.1486,107.1200,6.4945,1.4475
2016-05-05,1.1404,107.3200,6.5032,1.4486
2016-05-06,1.1421,106.6600,6.4970,1.4439
2016-05-09,1.1402,108.3900,6.5140,1.4409
2016-05-10,1.1386,109.2200,6.5150,1.4454
2016-05-11,1.1444,108.4800,6.4910,1.4480
2016-05-12,1.1380,108.7300,6.5140,1.4452
2016-05-13,1.1294,109.1400,6.5285,1.4369
2016-05-16,1.1328,108.8900,6.5184,1.4411
2016-05-17,1.1337,109.0200,6.5170,1.4485
2016-05-18,1.1276,109.6500,6.5370,1.4615
2016-05-19,1.1214,109.8100,6.5440,1.4608
2016-05-20,1.1207,110.5200,6.5485,1.4513
2016-05-23,1.1192,109.4700,6.5533,1.4444
2016-05-24,1.1145,110.0000,6.5552,1.4623
2016-05-25,1.1154,110.2200,6.5538,1.4694
2016-05-26,1.1184,109.7400,6.5540,1.4673
2016-05-27,1.1140,109.8600,6.5615,1.4644
2016-05-30,.,.,.,.
2016-05-31,1.1135,110.7500,6.5798,1.4530
2016-06-01,1.1165,109.5500,6.5748,1.4395
2016-06-02,1.1157,108.7500,6.5815,1.4419
2016-06-03,1.1330,106.8800,6.5638,1.4521
2016-06-06,1.1354,107.3300,6.5611,1.4450
2016-06-07,1.1350,107.3000,6.5710,1.4564
2016-06-08,1.1400,106.6800,6.5600,1.4546
2016-06-09,1.1329,106.5400,6.5590,1.4467
2016-06-10,1.1281,107.0600,6.5590,1.4342
2016-06-13,1.1282,106.0700,6.5823,1.4223
2016-06-14,1.1206,106.0200,6.5930,1.4130
2016-06-15,1.1239,105.8700,6.5785,1.4185
2016-06-16,1.1158,104.0500,6.5899,1.4075
2016-06-17,1.1256,104.2000,6.5849,1.4285
2016-06-20,1.1318,104.3200,6.5768,1.4688
2016-06-21,1.1262,104.5600,6.5893,1.4668
2016-06-22,1.1286,104.5600,6.5750,1.4682
2016-06-23,1.1373,105.9000,6.5740,1.4800
2016-06-24,1.1126,102.2600,6.6150,1.3639
2016-06-27,1.1024,101.6600,6.6481,1.3217
2016-06-28,1.1054,102.7100,6.6450,1.3294
2016-06-29,1.1117,102.6800,6.6350,1.3510
2016-06-30,1.1032,102.7700,6.6459,1.3242
2016-07-01,1.1145,102.5500,6.6547,1.3281
2016-07-04,.,.,.,.
2016-07-05,1.1080,101.5800,6.6770,1.3021
2016-07-06,1.1077,101.1200,6.6900,1.2921
2016-07-07,1.1065,100.7400,6.6790,1.2926
2016-07-08,1.1038,100.6500,6.6878,1.2938
2016-07-11,1.1045,102.6600,6.6917,1.2986
2016-07-12,1.1074,104.7200,6.6860,1.3237
2016-07-13,1.1112,104.1000,6.6832,1.3180
2016-07-14,1.1109,105.4000,6.6801,1.3332
2016-07-15,1.1059,105.6400,6.6865,1.3194
2016-07-18,1.1076,106.0000,6.7013,1.3279
2016-07-19,1.1014,106.1300,6.6931,1.3123
2016-07-20,1.1007,106.6500,6.6760,1.3179
2016-07-21,1.1016,105.9800,6.6735,1.3216
2016-07-22,1.0968,106.2200,6.6760,1.3091
2016-07-25,1.0980,106.0200,6.6783,1.3130
2016-07-26,1.0984,104.8300,6.6690,1.3133
2016-07-27,1.0988,105.6500,6.6680,1.3094
2016-07-28,1.1094,104.8600,6.6538,1.3151
2016-07-29,1.1168,102.3200,6.6371,1.3270
2016-08-01,1.1176,102.2600,6.6421,1.3209
2016-08-02,1.1225,100.8200,6.6239,1.3326
2016-08-03,1.1170,101.3400,6.6320,1.3335
2016-08-04,1.1134,101.0800,6.6388,1.3143
2016-08-05,1.1080,101.7400,6.6530,1.3069
2016-08-08,1.1078,102.5300,6.6597,1.3042
2016-08-09,1.1110,101.9600,6.6530,1.3010
2016-08-10,1.1171,101.2700,6.6345,1.2998
2016-08-11,1.1168,101.4600,6.6274,1.2960
2016-08-12,1.1172,101.0100,6.6324,1.2934
2016-08-15,1.1199,101.0200,6.6370,1.2874
2016-08-16,1.1277,100.2800,6.6240,1.3019
2016-08-17,1.1263,100.2400,6.6328,1.3012
2016-08-18,1.1334,100.0700,6.6297,1.3147
2016-08-19,1.1326,100.2400,6.6515,1.3061
2016-08-22,1.1314,100.2500,6.6475,1.3133
2016-08-23,1.1308,100.2000,6.6378,1.3179
2016-08-24,1.1256,100.5000,6.6562,1.3236
2016-08-25,1.1274,100.5800,6.6560,1.3177
2016-08-26,1.1237,101.2000,6.6690,1.3168
2016-08-29,1.1182,102.1300,6.6775,1.3089
2016-08-30,1.1150,102.9200,6.6778,1.3084
2016-08-31,1.1146,103.3800,6.6776,1.3129
2016-09-01,1.1194,103.2200,6.6713,1.3273
2016-09-02,1.1158,104.1800,6.6790,1.3299
2016-09-05,.,.,.,.
2016-09-06,1.1237,102.2800,6.6722,1.3429
2016-09-07,1.1238,101.7200,6.6600,1.3339
2016-09-08,1.1256,102.2800,6.6640,1.3301
2016-09-09,1.1214,102.8600,6.6778,1.3257
2016-09-12,1.1230,101.9600,6.6788,1.3313
2016-09-13,1.1242,102.1400,6.6782,1.3184
2016-09-14,1.1271,102.3300,6.6707,1.3204
2016-09-15,1.1246,102.2400,6.6707,1.3215
2016-09-16,1.1160,102.3600,6.6707,1.3090
2016-09-19,1.1179,101.8200,6.6650,1.3051
2016-09-20,1.1172,101.6600,6.6700,1.2974
2016-09-21,1.1165,100.6200,6.6695,1.2978
2016-09-22,1.1229,100.8000,6.6630,1.3092
2016-09-23,1.1223,101.0400,6.6690,1.2959
2016-09-26,1.1270,100.3400,6.6683,1.2978
2016-09-27,1.1208,100.3600,6.6691,1.3005
2016-09-28,1.1200,100.5700,6.6730,1.2996
2016-09-29,1.1244,101.4800,6.6650,1.2991
2016-09-30,1.1238,101.2100,6.6685,1.3015
2016-10-03,1.1210,101.5400,6.6685,1.2840
2016-10-04,1.1212,102.6600,6.6685,1.2746
2016-10-05,1.1196,103.5300,6.6685,1.2745
2016-10-06,1.1158,104.0200,6.6685,1.2647
2016-10-07,1.1156,103.4200,6.6685,1.2434
2016-10-10,.,.,.,.
2016-10-11,1.1062,103.3600,6.7190,1.2218
2016-10-12,1.1014,104.4800,6.7180,1.2195
2016-10-13,1.1038,103.6200,6.7248,1.2201
2016-10-14,1.0985,104.1000,6.7277,1.2189
2016-10-17,1.1000,103.9600,6.7350,1.2186
2016-10-18,1.0997,103.8000,6.7401,1.2310
2016-10-19,1.0966,103.3000,6.7370,1.2279
2016-10-20,1.0934,103.9200,6.7439,1.2256
2016-10-21,1.0866,103.9600,6.7654,1.2210
2016-10-24,1.0888,104.2000,6.7728,1.2204
2016-10-25,1.0890,104.2500,6.7780,1.2164
2016-10-26,1.0916,104.4200,6.7706,1.2234
2016-10-27,1.0904,105.1400,6.7819,1.2173
2016-10-28,1.0934,105.4000,6.7760,1.2155
2016-10-31,1.0962,105.0700,6.7735,1.2212
2016-11-01,1.1042,104.5900,6.7630,1.2218
2016-11-02,1.1119,103.2200,6.7606,1.2315
2016-11-03,1.1094,103.1700,6.7612,1.2454
2016-11-04,1.1121,103.0200,6.7534,1.2546
2016-11-07,1.1038,104.6000,6.7740,1.2403
2016-11-08,1.1034,104.9800,6.7840,1.2372
2016-11-09,1.0952,104.8400,6.7769,1.2474
2016-11-10,1.0882,106.5600,6.7987,1.2523
2016-11-11,.,.,.,.
2016-11-14,1.0723,108.3000,6.8447,1.2469
2016-11-15,1.0726,108.9400,6.8556,1.2422
2016-11-16,1.0699,109.1600,6.8770,1.2450
2016-11-17,1.0656,109.6400,6.8674,1.2450
2016-11-18,1.0600,110.5100,6.8873,1.2327
2016-11-21,1.0597,111.1200,6.8918,1.2474
2016-11-22,1.0618,110.9800,6.8880,1.2424
2016-11-23,1.0560,112.5800,6.9195,1.2458
2016-11-24,.,.,.,.
2016-11-25,1.0595,113.1700,6.9176,1.2462
2016-11-28,1.0576,112.3600,6.9055,1.2411
2016-11-29,1.0626,112.7800,6.8933,1.2505
2016-11-30,1.0578,114.3400,6.8837,1.2481
2016-12-01,1.0634,114.3400,6.8830,1.2596
2016-12-02,1.0666,113.7600,6.8830,1.2685
2016-12-05,1.0723,114.1000,6.8775,1.2708
2016-12-06,1.0717,113.9800,6.8790,1.2706
2016-12-07,1.0758,113.5000,6.8780,1.2604
2016-12-08,1.0625,114.1600,6.8771,1.2574
2016-12-09,1.0541,115.1700,6.9042,1.2590
2016-12-12,1.0606,115.3400,6.9045,1.2677
2016-12-13,1.0635,115.2600,6.8984,1.2685
2016-12-14,1.0656,115.0600,6.9025,1.2706
2016-12-15,1.0375,118.3200,6.9410,1.2389
2016-12-16,1.0456,117.7400,6.9580,1.2478
2016-12-19,1.0444,116.6000,6.9506,1.2419
2016-12-20,1.0390,117.8600,6.9470,1.2358
2016-12-21,1.0425,117.7900,6.9390,1.2348
2016-12-22,1.0452,117.4800,6.9473,1.2301
2016-12-23,1.0449,117.2200,6.9432,1.2252
2016-12-26,.,.,.,.
2016-12-27,1.0458,117.5200,6.9491,1.2261
2016-12-28,1.0389,117.6600,6.9559,1.2222
2016-12-29,1.0486,116.3200,6.9535,1.2237
2016-12-30,1.0552,116.7800,6.9430,1.2337
2017-01-02,.,.,.,.
2017-01-03,1.0416,117.6800,6.9575,1.2256
2017-01-04,1.0476,117.3800,6.9322,1.2299
2017-01-05,1.0598,115.4600,6.8870,1.2415
2017-01-06,1.0560,116.8500,6.9176,1.2314
2017-01-09,1.0576,116.0700,6.9350,1.2167
2017-01-10,1.0572,115.7400,6.9180,1.2165
2017-01-11,1.0501,116.2600,6.9365,1.2118
2017-01-12,1.0666,113.8700,6.8890,1.2211
2017-01-13,1.0625,115.0300,6.8985,1.2198
2017-01-16,.,.,.,.
2017-01-17,1.0695,112.9600,6.8520,1.2388
2017-01-18,1.0682,113.4000,6.8360,1.2309
2017-01-19,1.0630,115.3000,6.8680,1.2319
2017-01-20,.,.,.,.
2017-01-23,1.0740,112.9000,6.8514,1.2485
2017-01-24,1.0749,113.6300,6.8555,1.2531
2017-01-25,1.0743,113.6000,6.8812,1.2620
2017-01-26,1.0670,114.7000,6.8768,1.2579
2017-01-27,1.0690,115.1600,6.8768,1.2531
2017-01-30,1.0681,113.8600,6.8768,1.2478
2017-01-31,1.0794,112.7200,6.8768,1.2585
2017-02-01,1.0758,113.2900,6.8768,1.2643
2017-02-02,1.0802,112.4800,6.8768,1.2541
2017-02-03,1.0792,112.4200,6.8650,1.2504
2017-02-06,1.0731,112.3200,6.8600,1.2450
2017-02-07,1.0690,112.1400,6.8821,1.2486
2017-02-08,1.0708,111.7400,6.8700,1.2543
2017-02-09,1.0658,113.2400,6.8660,1.2516
2017-02-10,1.0650,113.2200,6.8775,1.2502
2017-02-13,1.0603,113.7900,6.8776,1.2510
2017-02-14,1.0577,114.3400,6.8649,1.2465
2017-02-15,1.0597,114.1700,6.8685,1.2465
2017-02-16,1.0660,113.3600,6.8517,1.2477
2017-02-17,1.0614,112.8600,6.8640,1.2428
2017-02-20,.,.,.,.
2017-02-21,1.0551,113.4800,6.8810,1.2465
2017-02-22,1.0555,113.4600,6.8765,1.2456
2017-02-23,1.0586,112.6800,6.8622,1.2548
2017-02-24,1.0580,112.2600,6.8645,1.2499
2017-02-27,1.0624,112.0100,6.8675,1.2473
2017-02-28,1.0618,112.0600,6.8665,1.2427
2017-03-01,1.0564,113.6600,6.8794,1.2318
2017-03-02,1.0514,114.4500,6.8868,1.2267
2017-03-03,1.0552,114.6000,6.8954,1.2249
2017-03-06,1.0586,113.9200,6.8955,1.2243
2017-03-07,1.0582,113.9900,6.9000,1.2209
2017-03-08,1.0547,114.5800,6.9113,1.2152
2017-03-09,1.0586,114.7100,6.9086,1.2166
2017-03-10,1.0667,115.0200,6.9050,1.2158
2017-03-13,1.0670,114.6100,6.9050,1.2234
2017-03-14,1.0645,114.6300,6.9130,1.2168
2017-03-15,1.0630,114.6600,6.9132,1.2222
2017-03-16,1.0738,113.0200,6.9130,1.2370
2017-03-17,1.0742,112.6700,6.9000,1.2372
2017-03-20,1.0754,112.5900,6.9050,1.2365
2017-03-21,1.0810,111.9000,6.8830,1.2479
2017-03-22,1.0800,111.0600,6.8785,1.2476
2017-03-23,1.0787,111.1200,6.8843,1.2526
2017-03-24,1.0806,111.0300,6.8803,1.2491
2017-03-27,1.0882,110.4800,6.8687,1.2583
2017-03-28,1.0852,110.5600,6.8779,1.2503
2017-03-29,1.0756,111.0500,6.8879,1.2411
2017-03-30,1.0726,111.3600,6.8870,1.2489
2017-03-31,1.0698,111.4100,6.8832,1.2537
2017-04-03,1.0655,110.9600,6.8832,1.2479
2017-04-04,1.0664,110.7400,6.8832,1.2437
2017-04-05,1.0661,111.2000,6.8920,1.2488
2017-04-06,1.0651,111.0200,6.8955,1.2486
2017-04-07,1.0616,110.7600,6.8978,1.2398
2017-04-10,1.0606,110.9500,6.8988,1.2418
2017-04-11,1.0614,109.7400,6.8893,1.2484
2017-04-12,1.0611,109.5400,6.8890,1.2500
2017-04-13,1.0630,109.2300,6.8865,1.2522
2017-04-14,1.0625,108.6300,6.8835,1.2531
2017-04-17,1.0660,108.4600,6.8800,1.2587
2017-04-18,1.0706,108.4000,6.8778,1.2769
2017-04-19,1.0707,109.0600,6.8860,1.2789
2017-04-20,1.0758,109.3400,6.8800,1.2830
2017-04-21,1.0694,109.0800,6.8845,1.2783
2017-04-24,1.0846,109.7400,6.8840,1.2783
2017-04-25,1.0941,110.8800,6.8824,1.2836
2017-04-26,1.0872,111.5200,6.8918,1.2838
2017-04-27,1.0864,111.1300,6.8958,1.2889
2017-04-28,1.0895,111.4400,6.8900,1.2938
2017-05-01,1.0912,111.7800,6.8900,1.2917
2017-05-02,1.0910,112.0600,6.8949,1.2921
2017-05-03,1.0920,112.3400,6.8968,1.2916
2017-05-04,1.0967,112.7000,6.8959,1.2910
2017-05-05,1.0996,112.6300,6.9021,1.2950
2017-05-08,1.0928,112.8400,6.9040,1.2942
2017-05-09,1.0875,114.1900,6.9060,1.2939
2017-05-10,1.0873,114.0200,6.9011,1.2939
2017-05-11,1.0869,113.7700,6.9033,1.2885
2017-05-12,1.0926,113.3000,6.8972,1.2880
2017-05-15,1.0979,113.5400,6.8900,1.2917
2017-05-16,1.1072,113.2400,6.8840,1.2912
2017-05-17,1.1134,111.4600,6.8773,1.2944
2017-05-18,1.1130,110.8200,6.8880,1.3009
2017-05-19,1.1190,111.4700,6.8830,1.3018
2017-05-22,1.1236,111.1500,6.8828,1.3006
2017-05-23,1.1198,111.6400,6.8880,1.2984
2017-05-24,1.1175,112.0200,6.8883,1.2935
2017-05-25,1.1218,111.7000,6.8672,1.2954
2017-05-26,1.1170,111.3000,6.8525,1.2795
2017-05-29,.,.,.,.
2017-05-30,1.1183,110.6800,6.8525,1.2858
2017-05-31,1.1236,110.7100,6.8098,1.2905
2017-06-01,1.1214,111.2400,6.8029,1.2894
2017-06-02,1.1270,110.4900,6.8085,1.2885
2017-06-05,1.1250,110.4900,6.8030,1.2917
2017-06-06,1.1266,109.3400,6.7945,1.2901
2017-06-07,1.1236,109.5400,6.7935,1.2941
2017-06-08,1.1217,110.1000,6.7990,1.2939
2017-06-09,1.1190,110.6100,6.7970,1.2737
2017-06-12,1.1204,109.7200,6.7974,1.2658
2017-06-13,1.1194,110.1200,6.7981,1.2739
2017-06-14,1.1277,109.1600,6.7888,1.2808
2017-06-15,1.1152,110.6600,6.8061,1.2768
2017-06-16,1.1194,110.8400,6.8097,1.2778
2017-06-19,1.1160,111.3400,6.8180,1.2743
2017-06-20,1.1124,111.4600,6.8285,1.2628
2017-06-21,1.1143,111.5800,6.8275,1.2667
2017-06-22,1.1148,111.3600,6.8275,1.2659
2017-06-23,1.1196,111.2600,6.8345,1.2727
2017-06-26,1.1196,111.4800,6.8382,1.2732
2017-06-27,1.1300,112.4200,6.8100,1.2791
2017-06-28,1.1364,112.1800,6.7984,1.2936
2017-06-29,1.1420,112.3200,6.7840,1.2984
2017-06-30,1.1411,112.4000,6.7793,1.2995
